ID,username,email,password,confirmpass
U1,nova1,nova1@test,123,
U2,nova2,nova2@test,123,
U3,nova3,nova3@test,123,
U4,nova4,nova4@test,123,
U5,nova5,nova5@test,123,
U6,nova6,nova6@test,123,
U7,nova7,nova7@test,123,
U8,nova8,nova8@test,123,
U9,nova9,nova9@test,123,
U10,nova10,nova10@test,123,
U11,nova11,nova11@test,123,
U12,nova12,nova12@test,123,
U13,nova13,nova13@test,123,
U14,nova14,nova14@test,123,
U15,nova15,nova15@test,123,
U16,nova16,nova16@test,123,
U17,nova17,nova17@test,123,
U18,nova18,nova18@test,123,
U19,nova19,nova19@test,123,
U20,nova20,nova20@test,123,
U21,nova21,nova21@test,123,
U22,nova22,nova22@test,123,
U23,nova23,nova23@test,123,
U24,nova24,nova24@test,123,
U25,nova25,nova25@test,123,
U26,nova26,nova26@test,123,
U27,nova27,nova27@test,123,
U28,nova28,nova28@test,123,
U29,nova29,nova29@test,123,
U30,nova30,nova30@test,123,
U31,nova31,nova31@test,123,
U32,nova32,nova32@test,123,
U33,nova33,nova33@test,123,
U34,nova34,nova34@test,123,
U35,nova35,nova35@test,123,
U36,nova36,nova36@test,123,
U37,nova37,nova37@test,123,
U38,nova38,nova38@test,123,
U39,nova39,nova39@test,123,
U40,nova40,nova40@test,123,
U41,nova41,nova41@test,123,
U42,nova42,nova42@test,123,
U43,nova43,nova43@test,123,
U44,nova44,nova44@test,123,
U45,nova45,nova45@test,123,
U46,nova46,nova46@test,123,
U47,nova47,nova47@test,123,
U48,nova48,nova48@test,123,
U49,nova49,nova49@test,123,
U50,nova50,nova50@test,123,
U51,nova51,nova51@test,123,
U52,nova52,nova52@test,123,
U53,nova53,nova53@test,123,
U54,nova54,nova54@test,123,
U55,nova55,nova55@test,123,
U56,nova56,nova56@test,123,
U57,nova57,nova57@test,123,
U58,nova58,nova58@test,123,
U59,nova59,nova59@test,123,
U60,nova60,nova60@test,123,
U61,nova61,nova61@test,123,
U62,nova62,nova62@test,123,
U63,nova63,nova63@test,123,
U64,nova64,nova64@test,123,
U65,nova65,nova65@test,123,
U66,nova66,nova66@test,123,
U67,nova67,nova67@test,123,
U68,nova68,nova68@test,123,
U69,nova69,nova69@test,123,
U70,nova70,nova70@test,123,
U71,nova71,nova71@test,123,
U72,nova72,nova72@test,123,
U73,nova73,nova73@test,123,
U74,nova74,nova74@test,123,
U75,nova75,nova75@test,123,
U76,nova76,nova76@test,123,
U77,nova77,nova77@test,123,
U78,nova78,nova78@test,123,
U79,nova79,nova79@test,123,
U80,nova80,nova80@test,123,
U81,nova81,nova81@test,123,
U82,nova82,nova82@test,123,
U83,nova83,nova83@test,123,
U84,nova84,nova84@test,123,
U85,nova85,nova85@test,123,
U86,nova86,nova86@test,123,
U87,nova87,nova87@test,123,
U88,nova88,nova88@test,123,
U89,nova89,nova89@test,123,
U90,nova90,nova90@test,123,
U91,nova91,nova91@test,123,
U92,nova92,nova92@test,123,
U93,nova93,nova93@test,123,
U94,nova94,nova94@test,123,
U95,nova95,nova95@test,123,
U96,nova96,nova96@test,123,
U97,nova97,nova97@test,123,
U98,nova98,nova98@test,123,
U99,nova99,nova99@test,123,
U100,nova100,nova100@test,123,
U101,nova101,nova101@test,123,
U102,nova102,nova102@test,123,
U103,nova103,nova103@test,123,
U104,nova104,nova104@test,123,
U105,nova105,nova105@test,123,
U106,nova106,nova106@test,123,
U107,nova107,nova107@test,123,
U108,nova108,nova108@test,123,
U109,nova109,nova109@test,123,
U110,nova110,nova110@test,123,
U111,nova111,nova111@test,123,
U112,nova112,nova112@test,123,
U113,nova113,nova113@test,123,
U114,nova114,nova114@test,123,
U115,nova115,nova115@test,123,
U116,nova116,nova116@test,123,
U117,nova117,nova117@test,123,
U118,nova118,nova118@test,123,
U119,nova119,nova119@test,123,
U120,nova120,nova120@test,123,
U121,nova121,nova121@test,123,
U122,nova122,nova122@test,123,
U123,nova123,nova123@test,123,
U124,nova124,nova124@test,123,
U125,nova125,nova125@test,123,
U126,nova126,nova126@test,123,
U127,nova127,nova127@test,123,
U128,nova128,nova128@test,123,
U129,nova129,nova129@test,123,
U130,nova130,nova130@test,123,
U131,nova131,nova131@test,123,
U132,nova132,nova132@test,123,
U133,nova133,nova133@test,123,
U134,nova134,nova134@test,123,
U135,nova135,nova135@test,123,
U136,nova136,nova136@test,123,
U137,nova137,nova137@test,123,
U138,nova138,nova138@test,123,
U139,nova139,nova139@test,123,
U140,nova140,nova140@test,123,
U141,nova141,nova141@test,123,
U142,nova142,nova142@test,123,
U143,nova143,nova143@test,123,
U144,nova144,nova144@test,123,
U145,nova145,nova145@test,123,
U146,nova146,nova146@test,123,
U147,nova147,nova147@test,123,
U148,nova148,nova148@test,123,
U149,nova149,nova149@test,123,
U150,nova150,nova150@test,123,
U151,nova151,nova151@test,123,
U152,nova152,nova152@test,123,
U153,nova153,nova153@test,123,
U154,nova154,nova154@test,123,
U155,nova155,nova155@test,123,
U156,nova156,nova156@test,123,
U157,nova157,nova157@test,123,
U158,nova158,nova158@test,123,
U159,nova159,nova159@test,123,
U160,nova160,nova160@test,123,
U161,nova161,nova161@test,123,
U162,nova162,nova162@test,123,
U163,nova163,nova163@test,123,
U164,nova164,nova164@test,123,
U165,nova165,nova165@test,123,
U166,nova166,nova166@test,123,
U167,nova167,nova167@test,123,
U168,nova168,nova168@test,123,
U169,nova169,nova169@test,123,
U170,nova170,nova170@test,123,
U171,nova171,nova171@test,123,
U172,nova172,nova172@test,123,
U173,nova173,nova173@test,123,
U174,nova174,nova174@test,123,
U175,nova175,nova175@test,123,
U176,nova176,nova176@test,123,
U177,nova177,nova177@test,123,
U178,nova178,nova178@test,123,
U179,nova179,nova179@test,123,
U180,nova180,nova180@test,123,
U181,nova181,nova181@test,123,
U182,nova182,nova182@test,123,
U183,nova183,nova183@test,123,
U184,nova184,nova184@test,123,
U185,nova185,nova185@test,123,
U186,nova186,nova186@test,123,
U187,nova187,nova187@test,123,
U188,nova188,nova188@test,123,
U189,nova189,nova189@test,123,
U190,nova190,nova190@test,123,
U191,nova191,nova191@test,123,
U192,nova192,nova192@test,123,
U193,nova193,nova193@test,123,
U194,nova194,nova194@test,123,
U195,nova195,nova195@test,123,
U196,nova196,nova196@test,123,
U197,nova197,nova197@test,123,
U198,nova198,nova198@test,123,
U199,nova199,nova199@test,123,
U200,nova200,nova200@test,123,
U201,nova201,nova201@test,123,
U202,nova202,nova202@test,123,
U203,nova203,nova203@test,123,
U204,nova204,nova204@test,123,
U205,nova205,nova205@test,123,
U206,nova206,nova206@test,123,
U207,nova207,nova207@test,123,
U208,nova208,nova208@test,123,
U209,nova209,nova209@test,123,
U210,nova210,nova210@test,123,
U211,nova211,nova211@test,123,
U212,nova212,nova212@test,123,
U213,nova213,nova213@test,123,
U214,nova214,nova214@test,123,
U215,nova215,nova215@test,123,
U216,nova216,nova216@test,123,
U217,nova217,nova217@test,123,
U218,nova218,nova218@test,123,
U219,nova219,nova219@test,123,
U220,nova220,nova220@test,123,
U221,nova221,nova221@test,123,
U222,nova222,nova222@test,123,
U223,nova223,nova223@test,123,
U224,nova224,nova224@test,123,
U225,nova225,nova225@test,123,
U226,nova226,nova226@test,123,
U227,nova227,nova227@test,123,
U228,nova228,nova228@test,123,
U229,nova229,nova229@test,123,
U230,nova230,nova230@test,123,
U231,nova231,nova231@test,123,
U232,nova232,nova232@test,123,
U233,nova233,nova233@test,123,
U234,nova234,nova234@test,123,
U235,nova235,nova235@test,123,
U236,nova236,nova236@test,123,
U237,nova237,nova237@test,123,
U238,nova238,nova238@test,123,
U239,nova239,nova239@test,123,
U240,nova240,nova240@test,123,
U241,nova241,nova241@test,123,
U242,nova242,nova242@test,123,
U243,nova243,nova243@test,123,
U244,nova244,nova244@test,123,
U245,nova245,nova245@test,123,
U246,nova246,nova246@test,123,
U247,nova247,nova247@test,123,
U248,nova248,nova248@test,123,
U249,nova249,nova249@test,123,
U250,nova250,nova250@test,123,
U251,nova251,nova251@test,123,
U252,nova252,nova252@test,123,
U253,nova253,nova253@test,123,
U254,nova254,nova254@test,123,
U255,nova255,nova255@test,123,
U256,nova256,nova256@test,123,
U257,nova257,nova257@test,123,
U258,nova258,nova258@test,123,
U259,nova259,nova259@test,123,
U260,nova260,nova260@test,123,
U261,nova261,nova261@test,123,
U262,nova262,nova262@test,123,
U263,nova263,nova263@test,123,
U264,nova264,nova264@test,123,
U265,nova265,nova265@test,123,
U266,nova266,nova266@test,123,
U267,nova267,nova267@test,123,
U268,nova268,nova268@test,123,
U269,nova269,nova269@test,123,
U270,nova270,nova270@test,123,
U271,nova271,nova271@test,123,
U272,nova272,nova272@test,123,
U273,nova273,nova273@test,123,
U274,nova274,nova274@test,123,
U275,nova275,nova275@test,123,
U276,nova276,nova276@test,123,
U277,nova277,nova277@test,123,
U278,nova278,nova278@test,123,
U279,nova279,nova279@test,123,
U280,nova280,nova280@test,123,
U281,nova281,nova281@test,123,
U282,nova282,nova282@test,123,
U283,nova283,nova283@test,123,
U284,nova284,nova284@test,123,
U285,nova285,nova285@test,123,
U286,nova286,nova286@test,123,
U287,nova287,nova287@test,123,
U288,nova288,nova288@test,123,
U289,nova289,nova289@test,123,
U290,nova290,nova290@test,123,
U291,nova291,nova291@test,123,
U292,nova292,nova292@test,123,
U293,nova293,nova293@test,123,
U294,nova294,nova294@test,123,
U295,nova295,nova295@test,123,
U296,nova296,nova296@test,123,
U297,nova297,nova297@test,123,
U298,nova298,nova298@test,123,
U299,nova299,nova299@test,123,
U300,nova300,nova300@test,123,
U301,nova301,nova301@test,123,
U302,nova302,nova302@test,123,
U303,nova303,nova303@test,123,
U304,nova304,nova304@test,123,
U305,nova305,nova305@test,123,
U306,nova306,nova306@test,123,
U307,nova307,nova307@test,123,
U308,nova308,nova308@test,123,
U309,nova309,nova309@test,123,
U310,nova310,nova310@test,123,
U311,nova311,nova311@test,123,
U312,nova312,nova312@test,123,
U313,nova313,nova313@test,123,
U314,nova314,nova314@test,123,
U315,nova315,nova315@test,123,
U316,nova316,nova316@test,123,
U317,nova317,nova317@test,123,
U318,nova318,nova318@test,123,
U319,nova319,nova319@test,123,
U320,nova320,nova320@test,123,
U321,nova321,nova321@test,123,
U322,nova322,nova322@test,123,
U323,nova323,nova323@test,123,
U324,nova324,nova324@test,123,
U325,nova325,nova325@test,123,
U326,nova326,nova326@test,123,
U327,nova327,nova327@test,123,
U328,nova328,nova328@test,123,
U329,nova329,nova329@test,123,
U330,nova330,nova330@test,123,
U331,nova331,nova331@test,123,
U332,nova332,nova332@test,123,
U333,nova333,nova333@test,123,
U334,nova334,nova334@test,123,
U335,nova335,nova335@test,123,
U336,nova336,nova336@test,123,
U337,nova337,nova337@test,123,
U338,nova338,nova338@test,123,
U339,nova339,nova339@test,123,
U340,nova340,nova340@test,123,
U341,nova341,nova341@test,123,
U342,nova342,nova342@test,123,
U343,nova343,nova343@test,123,
U344,nova344,nova344@test,123,
U345,nova345,nova345@test,123,
U346,nova346,nova346@test,123,
U347,nova347,nova347@test,123,
U348,nova348,nova348@test,123,
U349,nova349,nova349@test,123,
U350,nova350,nova350@test,123,
U351,nova351,nova351@test,123,
U352,nova352,nova352@test,123,
U353,nova353,nova353@test,123,
U354,nova354,nova354@test,123,
U355,nova355,nova355@test,123,
U356,nova356,nova356@test,123,
U357,nova357,nova357@test,123,
U358,nova358,nova358@test,123,
U359,nova359,nova359@test,123,
U360,nova360,nova360@test,123,
U361,nova361,nova361@test,123,
U362,nova362,nova362@test,123,
U363,nova363,nova363@test,123,
U364,nova364,nova364@test,123,
U365,nova365,nova365@test,123,
U366,nova366,nova366@test,123,
U367,nova367,nova367@test,123,
U368,nova368,nova368@test,123,
U369,nova369,nova369@test,123,
U370,nova370,nova370@test,123,
U371,nova371,nova371@test,123,
U372,nova372,nova372@test,123,
U373,nova373,nova373@test,123,
U374,nova374,nova374@test,123,
U375,nova375,nova375@test,123,
U376,nova376,nova376@test,123,
U377,nova377,nova377@test,123,
U378,nova378,nova378@test,123,
U379,nova379,nova379@test,123,
U380,nova380,nova380@test,123,
U381,nova381,nova381@test,123,
U382,nova382,nova382@test,123,
U383,nova383,nova383@test,123,
U384,nova384,nova384@test,123,
U385,nova385,nova385@test,123,
U386,nova386,nova386@test,123,
U387,nova387,nova387@test,123,
U388,nova388,nova388@test,123,
U389,nova389,nova389@test,123,
U390,nova390,nova390@test,123,
U391,nova391,nova391@test,123,
U392,nova392,nova392@test,123,
U393,nova393,nova393@test,123,
U394,nova394,nova394@test,123,
U395,nova395,nova395@test,123,
U396,nova396,nova396@test,123,
U397,nova397,nova397@test,123,
U398,nova398,nova398@test,123,
U399,nova399,nova399@test,123,
U400,nova400,nova400@test,123,
U401,nova401,nova401@test,123,
U402,nova402,nova402@test,123,
U403,nova403,nova403@test,123,
U404,nova404,nova404@test,123,
U405,nova405,nova405@test,123,
U406,nova406,nova406@test,123,
U407,nova407,nova407@test,123,
U408,nova408,nova408@test,123,
U409,nova409,nova409@test,123,
U410,nova410,nova410@test,123,
U411,nova411,nova411@test,123,
U412,nova412,nova412@test,123,
U413,nova413,nova413@test,123,
U414,nova414,nova414@test,123,
U415,nova415,nova415@test,123,
U416,nova416,nova416@test,123,
U417,nova417,nova417@test,123,
U418,nova418,nova418@test,123,
U419,nova419,nova419@test,123,
U420,nova420,nova420@test,123,
U421,nova421,nova421@test,123,
U422,nova422,nova422@test,123,
U423,nova423,nova423@test,123,
U424,nova424,nova424@test,123,
U425,nova425,nova425@test,123,
U426,nova426,nova426@test,123,
U427,nova427,nova427@test,123,
U428,nova428,nova428@test,123,
U429,nova429,nova429@test,123,
U430,nova430,nova430@test,123,
U431,nova431,nova431@test,123,
U432,nova432,nova432@test,123,
U433,nova433,nova433@test,123,
U434,nova434,nova434@test,123,
U435,nova435,nova435@test,123,
U436,nova436,nova436@test,123,
U437,nova437,nova437@test,123,
U438,nova438,nova438@test,123,
U439,nova439,nova439@test,123,
U440,nova440,nova440@test,123,
U441,nova441,nova441@test,123,
U442,nova442,nova442@test,123,
U443,nova443,nova443@test,123,
U444,nova444,nova444@test,123,
U445,nova445,nova445@test,123,
U446,nova446,nova446@test,123,
U447,nova447,nova447@test,123,
U448,nova448,nova448@test,123,
U449,nova449,nova449@test,123,
U450,nova450,nova450@test,123,
U451,nova451,nova451@test,123,
U452,nova452,nova452@test,123,
U453,nova453,nova453@test,123,
U454,nova454,nova454@test,123,
U455,nova455,nova455@test,123,
U456,nova456,nova456@test,123,
U457,nova457,nova457@test,123,
U458,nova458,nova458@test,123,
U459,nova459,nova459@test,123,
U460,nova460,nova460@test,123,
U461,nova461,nova461@test,123,
U462,nova462,nova462@test,123,
U463,nova463,nova463@test,123,
U464,nova464,nova464@test,123,
U465,nova465,nova465@test,123,
U466,nova466,nova466@test,123,
U467,nova467,nova467@test,123,
U468,nova468,nova468@test,123,
U469,nova469,nova469@test,123,
U470,nova470,nova470@test,123,
U471,nova471,nova471@test,123,
U472,nova472,nova472@test,123,
U473,nova473,nova473@test,123,
U474,nova474,nova474@test,123,
U475,nova475,nova475@test,123,
U476,nova476,nova476@test,123,
U477,nova477,nova477@test,123,
U478,nova478,nova478@test,123,
U479,nova479,nova479@test,123,
U480,nova480,nova480@test,123,
U481,nova481,nova481@test,123,
U482,nova482,nova482@test,123,
U483,nova483,nova483@test,123,
U484,nova484,nova484@test,123,
U485,nova485,nova485@test,123,
U486,nova486,nova486@test,123,
U487,nova487,nova487@test,123,
U488,nova488,nova488@test,123,
U489,nova489,nova489@test,123,
U490,nova490,nova490@test,123,
U491,nova491,nova491@test,123,
U492,nova492,nova492@test,123,
U493,nova493,nova493@test,123,
U494,nova494,nova494@test,123,
U495,nova495,nova495@test,123,
U496,nova496,nova496@test,123,
U497,nova497,nova497@test,123,
U498,nova498,nova498@test,123,
U499,nova499,nova499@test,123,
U500,nova500,nova500@test,123,
U501,nova501,nova501@test,123,
U502,nova502,nova502@test,123,
U503,nova503,nova503@test,123,
U504,nova504,nova504@test,123,
U505,nova505,nova505@test,123,
U506,nova506,nova506@test,123,
U507,nova507,nova507@test,123,
U508,nova508,nova508@test,123,
U509,nova509,nova509@test,123,
U510,nova510,nova510@test,123,
U511,nova511,nova511@test,123,
U512,nova512,nova512@test,123,
U513,nova513,nova513@test,123,
U514,nova514,nova514@test,123,
U515,nova515,nova515@test,123,
U516,nova516,nova516@test,123,
U517,nova517,nova517@test,123,
U518,nova518,nova518@test,123,
U519,nova519,nova519@test,123,
U520,nova520,nova520@test,123,
U521,nova521,nova521@test,123,
U522,nova522,nova522@test,123,
U523,nova523,nova523@test,123,
U524,nova524,nova524@test,123,
U525,nova525,nova525@test,123,
U526,nova526,nova526@test,123,
U527,nova527,nova527@test,123,
U528,nova528,nova528@test,123,
U529,nova529,nova529@test,123,
U530,nova530,nova530@test,123,
U531,nova531,nova531@test,123,
U532,nova532,nova532@test,123,
U533,nova533,nova533@test,123,
U534,nova534,nova534@test,123,
U535,nova535,nova535@test,123,
U536,nova536,nova536@test,123,
U537,nova537,nova537@test,123,
U538,nova538,nova538@test,123,
U539,nova539,nova539@test,123,
U540,nova540,nova540@test,123,
U541,nova541,nova541@test,123,
U542,nova542,nova542@test,123,
U543,nova543,nova543@test,123,
U544,nova544,nova544@test,123,
U545,nova545,nova545@test,123,
U546,nova546,nova546@test,123,
U547,nova547,nova547@test,123,
U548,nova548,nova548@test,123,
U549,nova549,nova549@test,123,
U550,nova550,nova550@test,123,
U551,nova551,nova551@test,123,
U552,nova552,nova552@test,123,
U553,nova553,nova553@test,123,
U554,nova554,nova554@test,123,
U555,nova555,nova555@test,123,
U556,nova556,nova556@test,123,
U557,nova557,nova557@test,123,
U558,nova558,nova558@test,123,
U559,nova559,nova559@test,123,
U560,nova560,nova560@test,123,
U561,nova561,nova561@test,123,
U562,nova562,nova562@test,123,
U563,nova563,nova563@test,123,
U564,nova564,nova564@test,123,
U565,nova565,nova565@test,123,
U566,nova566,nova566@test,123,
U567,nova567,nova567@test,123,
U568,nova568,nova568@test,123,
U569,nova569,nova569@test,123,
U570,nova570,nova570@test,123,
U571,nova571,nova571@test,123,
U572,nova572,nova572@test,123,
U573,nova573,nova573@test,123,
U574,nova574,nova574@test,123,
U575,nova575,nova575@test,123,
U576,nova576,nova576@test,123,
U577,nova577,nova577@test,123,
U578,nova578,nova578@test,123,
U579,nova579,nova579@test,123,
U580,nova580,nova580@test,123,
U581,nova581,nova581@test,123,
U582,nova582,nova582@test,123,
U583,nova583,nova583@test,123,
U584,nova584,nova584@test,123,
U585,nova585,nova585@test,123,
U586,nova586,nova586@test,123,
U587,nova587,nova587@test,123,
U588,nova588,nova588@test,123,
U589,nova589,nova589@test,123,
U590,nova590,nova590@test,123,
U591,nova591,nova591@test,123,
U592,nova592,nova592@test,123,
U593,nova593,nova593@test,123,
U594,nova594,nova594@test,123,
U595,nova595,nova595@test,123,
U596,nova596,nova596@test,123,
U597,nova597,nova597@test,123,
U598,nova598,nova598@test,123,
U599,nova599,nova599@test,123,
U600,nova600,nova600@test,123,
U601,nova601,nova601@test,123,
U602,nova602,nova602@test,123,
U603,nova603,nova603@test,123,
U604,nova604,nova604@test,123,
U605,nova605,nova605@test,123,
U606,nova606,nova606@test,123,
U607,nova607,nova607@test,123,
U608,nova608,nova608@test,123,
U609,nova609,nova609@test,123,
U610,nova610,nova610@test,123,
U611,nova611,nova611@test,123,
U612,nova612,nova612@test,123,
U613,nova613,nova613@test,123,
U614,nova614,nova614@test,123,
U615,nova615,nova615@test,123,
U616,nova616,nova616@test,123,
U617,nova617,nova617@test,123,
U618,nova618,nova618@test,123,
U619,nova619,nova619@test,123,
U620,nova620,nova620@test,123,
U621,nova621,nova621@test,123,
U622,nova622,nova622@test,123,
U623,nova623,nova623@test,123,
U624,nova624,nova624@test,123,
U625,nova625,nova625@test,123,
U626,nova626,nova626@test,123,
U627,nova627,nova627@test,123,
U628,nova628,nova628@test,123,
U629,nova629,nova629@test,123,
U630,nova630,nova630@test,123,
U631,nova631,nova631@test,123,
U632,nova632,nova632@test,123,
U633,nova633,nova633@test,123,
U634,nova634,nova634@test,123,
U635,nova635,nova635@test,123,
U636,nova636,nova636@test,123,
U637,nova637,nova637@test,123,
U638,nova638,nova638@test,123,
U639,nova639,nova639@test,123,
U640,nova640,nova640@test,123,
U641,nova641,nova641@test,123,
U642,nova642,nova642@test,123,
U643,nova643,nova643@test,123,
U644,nova644,nova644@test,123,
U645,nova645,nova645@test,123,
U646,nova646,nova646@test,123,
U647,nova647,nova647@test,123,
U648,nova648,nova648@test,123,
U649,nova649,nova649@test,123,
U650,nova650,nova650@test,123,
U651,nova651,nova651@test,123,
U652,nova652,nova652@test,123,
U653,nova653,nova653@test,123,
U654,nova654,nova654@test,123,
U655,nova655,nova655@test,123,
U656,nova656,nova656@test,123,
U657,nova657,nova657@test,123,
U658,nova658,nova658@test,123,
U659,nova659,nova659@test,123,
U660,nova660,nova660@test,123,
U661,nova661,nova661@test,123,
U662,nova662,nova662@test,123,
U663,nova663,nova663@test,123,
U664,nova664,nova664@test,123,
U665,nova665,nova665@test,123,
U666,nova666,nova666@test,123,
U667,nova667,nova667@test,123,
U668,nova668,nova668@test,123,
U669,nova669,nova669@test,123,
U670,nova670,nova670@test,123,
U671,nova671,nova671@test,123,
U672,nova672,nova672@test,123,
U673,nova673,nova673@test,123,
U674,nova674,nova674@test,123,
U675,nova675,nova675@test,123,
U676,nova676,nova676@test,123,
U677,nova677,nova677@test,123,
U678,nova678,nova678@test,123,
U679,nova679,nova679@test,123,
U680,nova680,nova680@test,123,
U681,nova681,nova681@test,123,
U682,nova682,nova682@test,123,
U683,nova683,nova683@test,123,
U684,nova684,nova684@test,123,
U685,nova685,nova685@test,123,
U686,nova686,nova686@test,123,
U687,nova687,nova687@test,123,
U688,nova688,nova688@test,123,
U689,nova689,nova689@test,123,
U690,nova690,nova690@test,123,
U691,nova691,nova691@test,123,
U692,nova692,nova692@test,123,
U693,nova693,nova693@test,123,
U694,nova694,nova694@test,123,
U695,nova695,nova695@test,123,
U696,nova696,nova696@test,123,
U697,nova697,nova697@test,123,
U698,nova698,nova698@test,123,
U699,nova699,nova699@test,123,
U700,nova700,nova700@test,123,
U701,nova701,nova701@test,123,
U702,nova702,nova702@test,123,
U703,nova703,nova703@test,123,
U704,nova704,nova704@test,123,
U705,nova705,nova705@test,123,
U706,nova706,nova706@test,123,
U707,nova707,nova707@test,123,
U708,nova708,nova708@test,123,
U709,nova709,nova709@test,123,
U710,nova710,nova710@test,123,
U711,nova711,nova711@test,123,
U712,nova712,nova712@test,123,
U713,nova713,nova713@test,123,
U714,nova714,nova714@test,123,
U715,nova715,nova715@test,123,
U716,nova716,nova716@test,123,
U717,nova717,nova717@test,123,
U718,nova718,nova718@test,123,
U719,nova719,nova719@test,123,
U720,nova720,nova720@test,123,
U721,nova721,nova721@test,123,
U722,nova722,nova722@test,123,
U723,nova723,nova723@test,123,
U724,nova724,nova724@test,123,
U725,nova725,nova725@test,123,
U726,nova726,nova726@test,123,
U727,nova727,nova727@test,123,
U728,nova728,nova728@test,123,
U729,nova729,nova729@test,123,
U730,nova730,nova730@test,123,
U731,nova731,nova731@test,123,
U732,nova732,nova732@test,123,
U733,nova733,nova733@test,123,
U734,nova734,nova734@test,123,
U735,nova735,nova735@test,123,
U736,nova736,nova736@test,123,
U737,nova737,nova737@test,123,
U738,nova738,nova738@test,123,
U739,nova739,nova739@test,123,
U740,nova740,nova740@test,123,
U741,nova741,nova741@test,123,
U742,nova742,nova742@test,123,
U743,nova743,nova743@test,123,
U744,nova744,nova744@test,123,
U745,nova745,nova745@test,123,
U746,nova746,nova746@test,123,
U747,nova747,nova747@test,123,
U748,nova748,nova748@test,123,
U749,nova749,nova749@test,123,
U750,nova750,nova750@test,123,
U751,nova751,nova751@test,123,
U752,nova752,nova752@test,123,
U753,nova753,nova753@test,123,
U754,nova754,nova754@test,123,
U755,nova755,nova755@test,123,
U756,nova756,nova756@test,123,
U757,nova757,nova757@test,123,
U758,nova758,nova758@test,123,
U759,nova759,nova759@test,123,
U760,nova760,nova760@test,123,
U761,nova761,nova761@test,123,
U762,nova762,nova762@test,123,
U763,nova763,nova763@test,123,
U764,nova764,nova764@test,123,
U765,nova765,nova765@test,123,
U766,nova766,nova766@test,123,
U767,nova767,nova767@test,123,
U768,nova768,nova768@test,123,
U769,nova769,nova769@test,123,
U770,nova770,nova770@test,123,
U771,nova771,nova771@test,123,
U772,nova772,nova772@test,123,
U773,nova773,nova773@test,123,
U774,nova774,nova774@test,123,
U775,nova775,nova775@test,123,
U776,nova776,nova776@test,123,
U777,nova777,nova777@test,123,
U778,nova778,nova778@test,123,
U779,nova779,nova779@test,123,
U780,nova780,nova780@test,123,
U781,nova781,nova781@test,123,
U782,nova782,nova782@test,123,
U783,nova783,nova783@test,123,
U784,nova784,nova784@test,123,
U785,nova785,nova785@test,123,
U786,nova786,nova786@test,123,
U787,nova787,nova787@test,123,
U788,nova788,nova788@test,123,
U789,nova789,nova789@test,123,
U790,nova790,nova790@test,123,
U791,nova791,nova791@test,123,
U792,nova792,nova792@test,123,
U793,nova793,nova793@test,123,
U794,nova794,nova794@test,123,
U795,nova795,nova795@test,123,
U796,nova796,nova796@test,123,
U797,nova797,nova797@test,123,
U798,nova798,nova798@test,123,
U799,nova799,nova799@test,123,
U800,nova800,nova800@test,123,
U801,nova801,nova801@test,123,
U802,nova802,nova802@test,123,
U803,nova803,nova803@test,123,
U804,nova804,nova804@test,123,
U805,nova805,nova805@test,123,
U806,nova806,nova806@test,123,
U807,nova807,nova807@test,123,
U808,nova808,nova808@test,123,
U809,nova809,nova809@test,123,
U810,nova810,nova810@test,123,
U811,nova811,nova811@test,123,
U812,nova812,nova812@test,123,
U813,nova813,nova813@test,123,
U814,nova814,nova814@test,123,
U815,nova815,nova815@test,123,
U816,nova816,nova816@test,123,
U817,nova817,nova817@test,123,
U818,nova818,nova818@test,123,
U819,nova819,nova819@test,123,
U820,nova820,nova820@test,123,
U821,nova821,nova821@test,123,
U822,nova822,nova822@test,123,
U823,nova823,nova823@test,123,
U824,nova824,nova824@test,123,
U825,nova825,nova825@test,123,
U826,nova826,nova826@test,123,
U827,nova827,nova827@test,123,
U828,nova828,nova828@test,123,
U829,nova829,nova829@test,123,
U830,nova830,nova830@test,123,
U831,nova831,nova831@test,123,
U832,nova832,nova832@test,123,
U833,nova833,nova833@test,123,
U834,nova834,nova834@test,123,
U835,nova835,nova835@test,123,
U836,nova836,nova836@test,123,
U837,nova837,nova837@test,123,
U838,nova838,nova838@test,123,
U839,nova839,nova839@test,123,
U840,nova840,nova840@test,123,
U841,nova841,nova841@test,123,
U842,nova842,nova842@test,123,
U843,nova843,nova843@test,123,
U844,nova844,nova844@test,123,
U845,nova845,nova845@test,123,
U846,nova846,nova846@test,123,
U847,nova847,nova847@test,123,
U848,nova848,nova848@test,123,
U849,nova849,nova849@test,123,
U850,nova850,nova850@test,123,
U851,nova851,nova851@test,123,
U852,nova852,nova852@test,123,
U853,nova853,nova853@test,123,
U854,nova854,nova854@test,123,
U855,nova855,nova855@test,123,
U856,nova856,nova856@test,123,
U857,nova857,nova857@test,123,
U858,nova858,nova858@test,123,
U859,nova859,nova859@test,123,
U860,nova860,nova860@test,123,
U861,nova861,nova861@test,123,
U862,nova862,nova862@test,123,
U863,nova863,nova863@test,123,
U864,nova864,nova864@test,123,
U865,nova865,nova865@test,123,
U866,nova866,nova866@test,123,
U867,nova867,nova867@test,123,
U868,nova868,nova868@test,123,
U869,nova869,nova869@test,123,
U870,nova870,nova870@test,123,
U871,nova871,nova871@test,123,
U872,nova872,nova872@test,123,
U873,nova873,nova873@test,123,
U874,nova874,nova874@test,123,
U875,nova875,nova875@test,123,
U876,nova876,nova876@test,123,
U877,nova877,nova877@test,123,
U878,nova878,nova878@test,123,
U879,nova879,nova879@test,123,
U880,nova880,nova880@test,123,
U881,nova881,nova881@test,123,
U882,nova882,nova882@test,123,
U883,nova883,nova883@test,123,
U884,nova884,nova884@test,123,
U885,nova885,nova885@test,123,
U886,nova886,nova886@test,123,
U887,nova887,nova887@test,123,
U888,nova888,nova888@test,123,
U889,nova889,nova889@test,123,
U890,nova890,nova890@test,123,
U891,nova891,nova891@test,123,
U892,nova892,nova892@test,123,
U893,nova893,nova893@test,123,
U894,nova894,nova894@test,123,
U895,nova895,nova895@test,123,
U896,nova896,nova896@test,123,
U897,nova897,nova897@test,123,
U898,nova898,nova898@test,123,
U899,nova899,nova899@test,123,
U900,nova900,nova900@test,123,
U901,nova901,nova901@test,123,
U902,nova902,nova902@test,123,
U903,nova903,nova903@test,123,
U904,nova904,nova904@test,123,
U905,nova905,nova905@test,123,
U906,nova906,nova906@test,123,
U907,nova907,nova907@test,123,
U908,nova908,nova908@test,123,
U909,nova909,nova909@test,123,
U910,nova910,nova910@test,123,
U911,nova911,nova911@test,123,
U912,nova912,nova912@test,123,
U913,nova913,nova913@test,123,
U914,nova914,nova914@test,123,
U915,nova915,nova915@test,123,
U916,nova916,nova916@test,123,
U917,nova917,nova917@test,123,
U918,nova918,nova918@test,123,
U919,nova919,nova919@test,123,
U920,nova920,nova920@test,123,
U921,nova921,nova921@test,123,
U922,nova922,nova922@test,123,
U923,nova923,nova923@test,123,
U924,nova924,nova924@test,123,
U925,nova925,nova925@test,123,
U926,nova926,nova926@test,123,
U927,nova927,nova927@test,123,
U928,nova928,nova928@test,123,
U929,nova929,nova929@test,123,
U930,nova930,nova930@test,123,
U931,nova931,nova931@test,123,
U932,nova932,nova932@test,123,
U933,nova933,nova933@test,123,
U934,nova934,nova934@test,123,
U935,nova935,nova935@test,123,
U936,nova936,nova936@test,123,
U937,nova937,nova937@test,123,
U938,nova938,nova938@test,123,
U939,nova939,nova939@test,123,
U940,nova940,nova940@test,123,
U941,nova941,nova941@test,123,
U942,nova942,nova942@test,123,
U943,nova943,nova943@test,123,
U944,nova944,nova944@test,123,
U945,nova945,nova945@test,123,
U946,nova946,nova946@test,123,
U947,nova947,nova947@test,123,
U948,nova948,nova948@test,123,
U949,nova949,nova949@test,123,
U950,nova950,nova950@test,123,
U951,nova951,nova951@test,123,
U952,nova952,nova952@test,123,
U953,nova953,nova953@test,123,
U954,nova954,nova954@test,123,
U955,nova955,nova955@test,123,
U956,nova956,nova956@test,123,
U957,nova957,nova957@test,123,
U958,nova958,nova958@test,123,
U959,nova959,nova959@test,123,
U960,nova960,nova960@test,123,
U961,nova961,nova961@test,123,
U962,nova962,nova962@test,123,
U963,nova963,nova963@test,123,
U964,nova964,nova964@test,123,
U965,nova965,nova965@test,123,
U966,nova966,nova966@test,123,
U967,nova967,nova967@test,123,
U968,nova968,nova968@test,123,
U969,nova969,nova969@test,123,
U970,nova970,nova970@test,123,
U971,nova971,nova971@test,123,
U972,nova972,nova972@test,123,
U973,nova973,nova973@test,123,
U974,nova974,nova974@test,123,
U975,nova975,nova975@test,123,
U976,nova976,nova976@test,123,
U977,nova977,nova977@test,123,
U978,nova978,nova978@test,123,
U979,nova979,nova979@test,123,
U980,nova980,nova980@test,123,
U981,nova981,nova981@test,123,
U982,nova982,nova982@test,123,
U983,nova983,nova983@test,123,
U984,nova984,nova984@test,123,
U985,nova985,nova985@test,123,
U986,nova986,nova986@test,123,
U987,nova987,nova987@test,123,
U988,nova988,nova988@test,123,
U989,nova989,nova989@test,123,
U990,nova990,nova990@test,123,
U991,nova991,nova991@test,123,
U992,nova992,nova992@test,123,
U993,nova993,nova993@test,123,
U994,nova994,nova994@test,123,
U995,nova995,nova995@test,123,
U996,nova996,nova996@test,123,
U997,nova997,nova997@test,123,
U998,nova998,nova998@test,123,
U999,nova999,nova999@test,123,
U1000,nova1000,nova1000@test,123,
U1001,nova1001,nova1001@test,123,
U1002,nova1002,nova1002@test,123,
U1003,nova1003,nova1003@test,123,
U1004,nova1004,nova1004@test,123,
U1005,nova1005,nova1005@test,123,
U1006,nova1006,nova1006@test,123,
U1007,nova1007,nova1007@test,123,
U1008,nova1008,nova1008@test,123,
U1009,nova1009,nova1009@test,123,
U1010,nova1010,nova1010@test,123,
U1011,nova1011,nova1011@test,123,
U1012,nova1012,nova1012@test,123,
U1013,nova1013,nova1013@test,123,
U1014,nova1014,nova1014@test,123,
U1015,nova1015,nova1015@test,123,
U1016,nova1016,nova1016@test,123,
U1017,nova1017,nova1017@test,123,
U1018,nova1018,nova1018@test,123,
U1019,nova1019,nova1019@test,123,
U1020,nova1020,nova1020@test,123,
U1021,nova1021,nova1021@test,123,
U1022,nova1022,nova1022@test,123,
U1023,nova1023,nova1023@test,123,
U1024,nova1024,nova1024@test,123,
U1025,nova1025,nova1025@test,123,
U1026,nova1026,nova1026@test,123,
U1027,nova1027,nova1027@test,123,
U1028,nova1028,nova1028@test,123,
U1029,nova1029,nova1029@test,123,
U1030,nova1030,nova1030@test,123,
U1031,nova1031,nova1031@test,123,
U1032,nova1032,nova1032@test,123,
U1033,nova1033,nova1033@test,123,
U1034,nova1034,nova1034@test,123,
U1035,nova1035,nova1035@test,123,
U1036,nova1036,nova1036@test,123,
U1037,nova1037,nova1037@test,123,
U1038,nova1038,nova1038@test,123,
U1039,nova1039,nova1039@test,123,
U1040,nova1040,nova1040@test,123,
U1041,nova1041,nova1041@test,123,
U1042,nova1042,nova1042@test,123,
U1043,nova1043,nova1043@test,123,
U1044,nova1044,nova1044@test,123,
U1045,nova1045,nova1045@test,123,
U1046,nova1046,nova1046@test,123,
U1047,nova1047,nova1047@test,123,
U1048,nova1048,nova1048@test,123,
U1049,nova1049,nova1049@test,123,
U1050,nova1050,nova1050@test,123,
U1051,nova1051,nova1051@test,123,
U1052,nova1052,nova1052@test,123,
U1053,nova1053,nova1053@test,123,
U1054,nova1054,nova1054@test,123,
U1055,nova1055,nova1055@test,123,
U1056,nova1056,nova1056@test,123,
U1057,nova1057,nova1057@test,123,
U1058,nova1058,nova1058@test,123,
U1059,nova1059,nova1059@test,123,
U1060,nova1060,nova1060@test,123,
U1061,nova1061,nova1061@test,123,
U1062,nova1062,nova1062@test,123,
U1063,nova1063,nova1063@test,123,
U1064,nova1064,nova1064@test,123,
U1065,nova1065,nova1065@test,123,
U1066,nova1066,nova1066@test,123,
U1067,nova1067,nova1067@test,123,
U1068,nova1068,nova1068@test,123,
U1069,nova1069,nova1069@test,123,
U1070,nova1070,nova1070@test,123,
U1071,nova1071,nova1071@test,123,
U1072,nova1072,nova1072@test,123,
U1073,nova1073,nova1073@test,123,
U1074,nova1074,nova1074@test,123,
U1075,nova1075,nova1075@test,123,
U1076,nova1076,nova1076@test,123,
U1077,nova1077,nova1077@test,123,
U1078,nova1078,nova1078@test,123,
U1079,nova1079,nova1079@test,123,
U1080,nova1080,nova1080@test,123,
U1081,nova1081,nova1081@test,123,
U1082,nova1082,nova1082@test,123,
U1083,nova1083,nova1083@test,123,
U1084,nova1084,nova1084@test,123,
U1085,nova1085,nova1085@test,123,
U1086,nova1086,nova1086@test,123,
U1087,nova1087,nova1087@test,123,
U1088,nova1088,nova1088@test,123,
U1089,nova1089,nova1089@test,123,
U1090,nova1090,nova1090@test,123,
U1091,nova1091,nova1091@test,123,
U1092,nova1092,nova1092@test,123,
U1093,nova1093,nova1093@test,123,
U1094,nova1094,nova1094@test,123,
U1095,nova1095,nova1095@test,123,
U1096,nova1096,nova1096@test,123,
U1097,nova1097,nova1097@test,123,
U1098,nova1098,nova1098@test,123,
U1099,nova1099,nova1099@test,123,
U1100,nova1100,nova1100@test,123,
U1101,nova1101,nova1101@test,123,
U1102,nova1102,nova1102@test,123,
U1103,nova1103,nova1103@test,123,
U1104,nova1104,nova1104@test,123,
U1105,nova1105,nova1105@test,123,
U1106,nova1106,nova1106@test,123,
U1107,nova1107,nova1107@test,123,
U1108,nova1108,nova1108@test,123,
U1109,nova1109,nova1109@test,123,
U1110,nova1110,nova1110@test,123,
U1111,nova1111,nova1111@test,123,
U1112,nova1112,nova1112@test,123,
U1113,nova1113,nova1113@test,123,
U1114,nova1114,nova1114@test,123,
U1115,nova1115,nova1115@test,123,
U1116,nova1116,nova1116@test,123,
U1117,nova1117,nova1117@test,123,
U1118,nova1118,nova1118@test,123,
U1119,nova1119,nova1119@test,123,
U1120,nova1120,nova1120@test,123,
U1121,nova1121,nova1121@test,123,
U1122,nova1122,nova1122@test,123,
U1123,nova1123,nova1123@test,123,
U1124,nova1124,nova1124@test,123,
U1125,nova1125,nova1125@test,123,
U1126,nova1126,nova1126@test,123,
U1127,nova1127,nova1127@test,123,
U1128,nova1128,nova1128@test,123,
U1129,nova1129,nova1129@test,123,
U1130,nova1130,nova1130@test,123,
U1131,nova1131,nova1131@test,123,
U1132,nova1132,nova1132@test,123,
U1133,nova1133,nova1133@test,123,
U1134,nova1134,nova1134@test,123,
U1135,nova1135,nova1135@test,123,
U1136,nova1136,nova1136@test,123,
U1137,nova1137,nova1137@test,123,
U1138,nova1138,nova1138@test,123,
U1139,nova1139,nova1139@test,123,
U1140,nova1140,nova1140@test,123,
U1141,nova1141,nova1141@test,123,
U1142,nova1142,nova1142@test,123,
U1143,nova1143,nova1143@test,123,
U1144,nova1144,nova1144@test,123,
U1145,nova1145,nova1145@test,123,
U1146,nova1146,nova1146@test,123,
U1147,nova1147,nova1147@test,123,
U1148,nova1148,nova1148@test,123,
U1149,nova1149,nova1149@test,123,
U1150,nova1150,nova1150@test,123,
U1151,nova1151,nova1151@test,123,
U1152,nova1152,nova1152@test,123,
U1153,nova1153,nova1153@test,123,
U1154,nova1154,nova1154@test,123,
U1155,nova1155,nova1155@test,123,
U1156,nova1156,nova1156@test,123,
U1157,nova1157,nova1157@test,123,
U1158,nova1158,nova1158@test,123,
U1159,nova1159,nova1159@test,123,
U1160,nova1160,nova1160@test,123,
U1161,nova1161,nova1161@test,123,
U1162,nova1162,nova1162@test,123,
U1163,nova1163,nova1163@test,123,
U1164,nova1164,nova1164@test,123,
U1165,nova1165,nova1165@test,123,
U1166,nova1166,nova1166@test,123,
U1167,nova1167,nova1167@test,123,
U1168,nova1168,nova1168@test,123,
U1169,nova1169,nova1169@test,123,
U1170,nova1170,nova1170@test,123,
U1171,nova1171,nova1171@test,123,
U1172,nova1172,nova1172@test,123,
U1173,nova1173,nova1173@test,123,
U1174,nova1174,nova1174@test,123,
U1175,nova1175,nova1175@test,123,
U1176,nova1176,nova1176@test,123,
U1177,nova1177,nova1177@test,123,
U1178,nova1178,nova1178@test,123,
U1179,nova1179,nova1179@test,123,
U1180,nova1180,nova1180@test,123,
U1181,nova1181,nova1181@test,123,
U1182,nova1182,nova1182@test,123,
U1183,nova1183,nova1183@test,123,
U1184,nova1184,nova1184@test,123,
U1185,nova1185,nova1185@test,123,
U1186,nova1186,nova1186@test,123,
U1187,nova1187,nova1187@test,123,
U1188,nova1188,nova1188@test,123,
U1189,nova1189,nova1189@test,123,
U1190,nova1190,nova1190@test,123,
U1191,nova1191,nova1191@test,123,
U1192,nova1192,nova1192@test,123,
U1193,nova1193,nova1193@test,123,
U1194,nova1194,nova1194@test,123,
U1195,nova1195,nova1195@test,123,
U1196,nova1196,nova1196@test,123,
U1197,nova1197,nova1197@test,123,
U1198,nova1198,nova1198@test,123,
U1199,nova1199,nova1199@test,123,
U1200,nova1200,nova1200@test,123,
U1201,nova1201,nova1201@test,123,
U1202,nova1202,nova1202@test,123,
U1203,nova1203,nova1203@test,123,
U1204,nova1204,nova1204@test,123,
U1205,nova1205,nova1205@test,123,
U1206,nova1206,nova1206@test,123,
U1207,nova1207,nova1207@test,123,
U1208,nova1208,nova1208@test,123,
U1209,nova1209,nova1209@test,123,
U1210,nova1210,nova1210@test,123,
U1211,nova1211,nova1211@test,123,
U1212,nova1212,nova1212@test,123,
U1213,nova1213,nova1213@test,123,
U1214,nova1214,nova1214@test,123,
U1215,nova1215,nova1215@test,123,
U1216,nova1216,nova1216@test,123,
U1217,nova1217,nova1217@test,123,
U1218,nova1218,nova1218@test,123,
U1219,nova1219,nova1219@test,123,
U1220,nova1220,nova1220@test,123,
U1221,nova1221,nova1221@test,123,
U1222,nova1222,nova1222@test,123,
U1223,nova1223,nova1223@test,123,
U1224,nova1224,nova1224@test,123,
U1225,nova1225,nova1225@test,123,
U1226,nova1226,nova1226@test,123,
U1227,nova1227,nova1227@test,123,
U1228,nova1228,nova1228@test,123,
U1229,nova1229,nova1229@test,123,
U1230,nova1230,nova1230@test,123,
U1231,nova1231,nova1231@test,123,
U1232,nova1232,nova1232@test,123,
U1233,nova1233,nova1233@test,123,
U1234,nova1234,nova1234@test,123,
U1235,nova1235,nova1235@test,123,
U1236,nova1236,nova1236@test,123,
U1237,nova1237,nova1237@test,123,
U1238,nova1238,nova1238@test,123,
U1239,nova1239,nova1239@test,123,
U1240,nova1240,nova1240@test,123,
U1241,nova1241,nova1241@test,123,
U1242,nova1242,nova1242@test,123,
U1243,nova1243,nova1243@test,123,
U1244,nova1244,nova1244@test,123,
U1245,nova1245,nova1245@test,123,
U1246,nova1246,nova1246@test,123,
U1247,nova1247,nova1247@test,123,
U1248,nova1248,nova1248@test,123,
U1249,nova1249,nova1249@test,123,
U1250,nova1250,nova1250@test,123,
U1251,nova1251,nova1251@test,123,
U1252,nova1252,nova1252@test,123,
U1253,nova1253,nova1253@test,123,
U1254,nova1254,nova1254@test,123,
U1255,nova1255,nova1255@test,123,
U1256,nova1256,nova1256@test,123,
U1257,nova1257,nova1257@test,123,
U1258,nova1258,nova1258@test,123,
U1259,nova1259,nova1259@test,123,
U1260,nova1260,nova1260@test,123,
U1261,nova1261,nova1261@test,123,
U1262,nova1262,nova1262@test,123,
U1263,nova1263,nova1263@test,123,
U1264,nova1264,nova1264@test,123,
U1265,nova1265,nova1265@test,123,
U1266,nova1266,nova1266@test,123,
U1267,nova1267,nova1267@test,123,
U1268,nova1268,nova1268@test,123,
U1269,nova1269,nova1269@test,123,
U1270,nova1270,nova1270@test,123,
U1271,nova1271,nova1271@test,123,
U1272,nova1272,nova1272@test,123,
U1273,nova1273,nova1273@test,123,
U1274,nova1274,nova1274@test,123,
U1275,nova1275,nova1275@test,123,
U1276,nova1276,nova1276@test,123,
U1277,nova1277,nova1277@test,123,
U1278,nova1278,nova1278@test,123,
U1279,nova1279,nova1279@test,123,
U1280,nova1280,nova1280@test,123,
U1281,nova1281,nova1281@test,123,
U1282,nova1282,nova1282@test,123,
U1283,nova1283,nova1283@test,123,
U1284,nova1284,nova1284@test,123,
U1285,nova1285,nova1285@test,123,
U1286,nova1286,nova1286@test,123,
U1287,nova1287,nova1287@test,123,
U1288,nova1288,nova1288@test,123,
U1289,nova1289,nova1289@test,123,
U1290,nova1290,nova1290@test,123,
U1291,nova1291,nova1291@test,123,
U1292,nova1292,nova1292@test,123,
U1293,nova1293,nova1293@test,123,
U1294,nova1294,nova1294@test,123,
U1295,nova1295,nova1295@test,123,
U1296,nova1296,nova1296@test,123,
U1297,nova1297,nova1297@test,123,
U1298,nova1298,nova1298@test,123,
U1299,nova1299,nova1299@test,123,
U1300,nova1300,nova1300@test,123,
U1301,nova1301,nova1301@test,123,
U1302,nova1302,nova1302@test,123,
U1303,nova1303,nova1303@test,123,
U1304,nova1304,nova1304@test,123,
U1305,nova1305,nova1305@test,123,
U1306,nova1306,nova1306@test,123,
U1307,nova1307,nova1307@test,123,
U1308,nova1308,nova1308@test,123,
U1309,nova1309,nova1309@test,123,
U1310,nova1310,nova1310@test,123,
U1311,nova1311,nova1311@test,123,
U1312,nova1312,nova1312@test,123,
U1313,nova1313,nova1313@test,123,
U1314,nova1314,nova1314@test,123,
U1315,nova1315,nova1315@test,123,
U1316,nova1316,nova1316@test,123,
U1317,nova1317,nova1317@test,123,
U1318,nova1318,nova1318@test,123,
U1319,nova1319,nova1319@test,123,
U1320,nova1320,nova1320@test,123,
U1321,nova1321,nova1321@test,123,
U1322,nova1322,nova1322@test,123,
U1323,nova1323,nova1323@test,123,
U1324,nova1324,nova1324@test,123,
U1325,nova1325,nova1325@test,123,
U1326,nova1326,nova1326@test,123,
U1327,nova1327,nova1327@test,123,
U1328,nova1328,nova1328@test,123,
U1329,nova1329,nova1329@test,123,
U1330,nova1330,nova1330@test,123,
U1331,nova1331,nova1331@test,123,
U1332,nova1332,nova1332@test,123,
U1333,nova1333,nova1333@test,123,
U1334,nova1334,nova1334@test,123,
U1335,nova1335,nova1335@test,123,
U1336,nova1336,nova1336@test,123,
U1337,nova1337,nova1337@test,123,
U1338,nova1338,nova1338@test,123,
U1339,nova1339,nova1339@test,123,
U1340,nova1340,nova1340@test,123,
U1341,nova1341,nova1341@test,123,
U1342,nova1342,nova1342@test,123,
U1343,nova1343,nova1343@test,123,
U1344,nova1344,nova1344@test,123,
U1345,nova1345,nova1345@test,123,
U1346,nova1346,nova1346@test,123,
U1347,nova1347,nova1347@test,123,
U1348,nova1348,nova1348@test,123,
U1349,nova1349,nova1349@test,123,
U1350,nova1350,nova1350@test,123,
U1351,nova1351,nova1351@test,123,
U1352,nova1352,nova1352@test,123,
U1353,nova1353,nova1353@test,123,
U1354,nova1354,nova1354@test,123,
U1355,nova1355,nova1355@test,123,
U1356,nova1356,nova1356@test,123,
U1357,nova1357,nova1357@test,123,
U1358,nova1358,nova1358@test,123,
U1359,nova1359,nova1359@test,123,
U1360,nova1360,nova1360@test,123,
U1361,nova1361,nova1361@test,123,
U1362,nova1362,nova1362@test,123,
U1363,nova1363,nova1363@test,123,
U1364,nova1364,nova1364@test,123,
U1365,nova1365,nova1365@test,123,
U1366,nova1366,nova1366@test,123,
U1367,nova1367,nova1367@test,123,
U1368,nova1368,nova1368@test,123,
U1369,nova1369,nova1369@test,123,
U1370,nova1370,nova1370@test,123,
U1371,nova1371,nova1371@test,123,
U1372,nova1372,nova1372@test,123,
U1373,nova1373,nova1373@test,123,
U1374,nova1374,nova1374@test,123,
U1375,nova1375,nova1375@test,123,
U1376,nova1376,nova1376@test,123,
U1377,nova1377,nova1377@test,123,
U1378,nova1378,nova1378@test,123,
U1379,nova1379,nova1379@test,123,
U1380,nova1380,nova1380@test,123,
U1381,nova1381,nova1381@test,123,
U1382,nova1382,nova1382@test,123,
U1383,nova1383,nova1383@test,123,
U1384,nova1384,nova1384@test,123,
U1385,nova1385,nova1385@test,123,
U1386,nova1386,nova1386@test,123,
U1387,nova1387,nova1387@test,123,
U1388,nova1388,nova1388@test,123,
U1389,nova1389,nova1389@test,123,
U1390,nova1390,nova1390@test,123,
U1391,nova1391,nova1391@test,123,
U1392,nova1392,nova1392@test,123,
U1393,nova1393,nova1393@test,123,
U1394,nova1394,nova1394@test,123,
U1395,nova1395,nova1395@test,123,
U1396,nova1396,nova1396@test,123,
U1397,nova1397,nova1397@test,123,
U1398,nova1398,nova1398@test,123,
U1399,nova1399,nova1399@test,123,
U1400,nova1400,nova1400@test,123,
U1401,nova1401,nova1401@test,123,
U1402,nova1402,nova1402@test,123,
U1403,nova1403,nova1403@test,123,
U1404,nova1404,nova1404@test,123,
U1405,nova1405,nova1405@test,123,
U1406,nova1406,nova1406@test,123,
U1407,nova1407,nova1407@test,123,
U1408,nova1408,nova1408@test,123,
U1409,nova1409,nova1409@test,123,
U1410,nova1410,nova1410@test,123,
U1411,nova1411,nova1411@test,123,
U1412,nova1412,nova1412@test,123,
U1413,nova1413,nova1413@test,123,
U1414,nova1414,nova1414@test,123,
U1415,nova1415,nova1415@test,123,
U1416,nova1416,nova1416@test,123,
U1417,nova1417,nova1417@test,123,
U1418,nova1418,nova1418@test,123,
U1419,nova1419,nova1419@test,123,
U1420,nova1420,nova1420@test,123,
U1421,nova1421,nova1421@test,123,
U1422,nova1422,nova1422@test,123,
U1423,nova1423,nova1423@test,123,
U1424,nova1424,nova1424@test,123,
U1425,nova1425,nova1425@test,123,
U1426,nova1426,nova1426@test,123,
U1427,nova1427,nova1427@test,123,
U1428,nova1428,nova1428@test,123,
U1429,nova1429,nova1429@test,123,
U1430,nova1430,nova1430@test,123,
U1431,nova1431,nova1431@test,123,
U1432,nova1432,nova1432@test,123,
U1433,nova1433,nova1433@test,123,
U1434,nova1434,nova1434@test,123,
U1435,nova1435,nova1435@test,123,
U1436,nova1436,nova1436@test,123,
U1437,nova1437,nova1437@test,123,
U1438,nova1438,nova1438@test,123,
U1439,nova1439,nova1439@test,123,
U1440,nova1440,nova1440@test,123,
U1441,nova1441,nova1441@test,123,
U1442,nova1442,nova1442@test,123,
U1443,nova1443,nova1443@test,123,
U1444,nova1444,nova1444@test,123,
U1445,nova1445,nova1445@test,123,
U1446,nova1446,nova1446@test,123,
U1447,nova1447,nova1447@test,123,
U1448,nova1448,nova1448@test,123,
U1449,nova1449,nova1449@test,123,
U1450,nova1450,nova1450@test,123,
U1451,nova1451,nova1451@test,123,
U1452,nova1452,nova1452@test,123,
U1453,nova1453,nova1453@test,123,
U1454,nova1454,nova1454@test,123,
U1455,nova1455,nova1455@test,123,
U1456,nova1456,nova1456@test,123,
U1457,nova1457,nova1457@test,123,
U1458,nova1458,nova1458@test,123,
U1459,nova1459,nova1459@test,123,
U1460,nova1460,nova1460@test,123,
U1461,nova1461,nova1461@test,123,
U1462,nova1462,nova1462@test,123,
U1463,nova1463,nova1463@test,123,
U1464,nova1464,nova1464@test,123,
U1465,nova1465,nova1465@test,123,
U1466,nova1466,nova1466@test,123,
U1467,nova1467,nova1467@test,123,
U1468,nova1468,nova1468@test,123,
U1469,nova1469,nova1469@test,123,
U1470,nova1470,nova1470@test,123,
U1471,nova1471,nova1471@test,123,
U1472,nova1472,nova1472@test,123,
U1473,nova1473,nova1473@test,123,
U1474,nova1474,nova1474@test,123,
U1475,nova1475,nova1475@test,123,
U1476,nova1476,nova1476@test,123,
U1477,nova1477,nova1477@test,123,
U1478,nova1478,nova1478@test,123,
U1479,nova1479,nova1479@test,123,
U1480,nova1480,nova1480@test,123,
U1481,nova1481,nova1481@test,123,
U1482,nova1482,nova1482@test,123,
U1483,nova1483,nova1483@test,123,
U1484,nova1484,nova1484@test,123,
U1485,nova1485,nova1485@test,123,
U1486,nova1486,nova1486@test,123,
U1487,nova1487,nova1487@test,123,
U1488,nova1488,nova1488@test,123,
U1489,nova1489,nova1489@test,123,
U1490,nova1490,nova1490@test,123,
U1491,nova1491,nova1491@test,123,
U1492,nova1492,nova1492@test,123,
U1493,nova1493,nova1493@test,123,
U1494,nova1494,nova1494@test,123,
U1495,nova1495,nova1495@test,123,
U1496,nova1496,nova1496@test,123,
U1497,nova1497,nova1497@test,123,
U1498,nova1498,nova1498@test,123,
U1499,nova1499,nova1499@test,123,
U1500,nova1500,nova1500@test,123,
U1501,nova1501,nova1501@test,123,
U1502,nova1502,nova1502@test,123,
U1503,nova1503,nova1503@test,123,
U1504,nova1504,nova1504@test,123,
U1505,nova1505,nova1505@test,123,
U1506,nova1506,nova1506@test,123,
U1507,nova1507,nova1507@test,123,
U1508,nova1508,nova1508@test,123,
U1509,nova1509,nova1509@test,123,
U1510,nova1510,nova1510@test,123,
U1511,nova1511,nova1511@test,123,
U1512,nova1512,nova1512@test,123,
U1513,nova1513,nova1513@test,123,
U1514,nova1514,nova1514@test,123,
U1515,nova1515,nova1515@test,123,
U1516,nova1516,nova1516@test,123,
U1517,nova1517,nova1517@test,123,
U1518,nova1518,nova1518@test,123,
U1519,nova1519,nova1519@test,123,
U1520,nova1520,nova1520@test,123,
U1521,nova1521,nova1521@test,123,
U1522,nova1522,nova1522@test,123,
U1523,nova1523,nova1523@test,123,
U1524,nova1524,nova1524@test,123,
U1525,nova1525,nova1525@test,123,
U1526,nova1526,nova1526@test,123,
U1527,nova1527,nova1527@test,123,
U1528,nova1528,nova1528@test,123,
U1529,nova1529,nova1529@test,123,
U1530,nova1530,nova1530@test,123,
U1531,nova1531,nova1531@test,123,
U1532,nova1532,nova1532@test,123,
U1533,nova1533,nova1533@test,123,
U1534,nova1534,nova1534@test,123,
U1535,nova1535,nova1535@test,123,
U1536,nova1536,nova1536@test,123,
U1537,nova1537,nova1537@test,123,
U1538,nova1538,nova1538@test,123,
U1539,nova1539,nova1539@test,123,
U1540,nova1540,nova1540@test,123,
U1541,nova1541,nova1541@test,123,
U1542,nova1542,nova1542@test,123,
U1543,nova1543,nova1543@test,123,
U1544,nova1544,nova1544@test,123,
U1545,nova1545,nova1545@test,123,
U1546,nova1546,nova1546@test,123,
U1547,nova1547,nova1547@test,123,
U1548,nova1548,nova1548@test,123,
U1549,nova1549,nova1549@test,123,
U1550,nova1550,nova1550@test,123,
U1551,nova1551,nova1551@test,123,
U1552,nova1552,nova1552@test,123,
U1553,nova1553,nova1553@test,123,
U1554,nova1554,nova1554@test,123,
U1555,nova1555,nova1555@test,123,
U1556,nova1556,nova1556@test,123,
U1557,nova1557,nova1557@test,123,
U1558,nova1558,nova1558@test,123,
U1559,nova1559,nova1559@test,123,
U1560,nova1560,nova1560@test,123,
U1561,nova1561,nova1561@test,123,
U1562,nova1562,nova1562@test,123,
U1563,nova1563,nova1563@test,123,
U1564,nova1564,nova1564@test,123,
U1565,nova1565,nova1565@test,123,
U1566,nova1566,nova1566@test,123,
U1567,nova1567,nova1567@test,123,
U1568,nova1568,nova1568@test,123,
U1569,nova1569,nova1569@test,123,
U1570,nova1570,nova1570@test,123,
U1571,nova1571,nova1571@test,123,
U1572,nova1572,nova1572@test,123,
U1573,nova1573,nova1573@test,123,
U1574,nova1574,nova1574@test,123,
U1575,nova1575,nova1575@test,123,
U1576,nova1576,nova1576@test,123,
U1577,nova1577,nova1577@test,123,
U1578,nova1578,nova1578@test,123,
U1579,nova1579,nova1579@test,123,
U1580,nova1580,nova1580@test,123,
U1581,nova1581,nova1581@test,123,
U1582,nova1582,nova1582@test,123,
U1583,nova1583,nova1583@test,123,
U1584,nova1584,nova1584@test,123,
U1585,nova1585,nova1585@test,123,
U1586,nova1586,nova1586@test,123,
U1587,nova1587,nova1587@test,123,
U1588,nova1588,nova1588@test,123,
U1589,nova1589,nova1589@test,123,
U1590,nova1590,nova1590@test,123,
U1591,nova1591,nova1591@test,123,
U1592,nova1592,nova1592@test,123,
U1593,nova1593,nova1593@test,123,
U1594,nova1594,nova1594@test,123,
U1595,nova1595,nova1595@test,123,
U1596,nova1596,nova1596@test,123,
U1597,nova1597,nova1597@test,123,
U1598,nova1598,nova1598@test,123,
U1599,nova1599,nova1599@test,123,
U1600,nova1600,nova1600@test,123,
U1601,nova1601,nova1601@test,123,
U1602,nova1602,nova1602@test,123,
U1603,nova1603,nova1603@test,123,
U1604,nova1604,nova1604@test,123,
U1605,nova1605,nova1605@test,123,
U1606,nova1606,nova1606@test,123,
U1607,nova1607,nova1607@test,123,
U1608,nova1608,nova1608@test,123,
U1609,nova1609,nova1609@test,123,
U1610,nova1610,nova1610@test,123,
U1611,nova1611,nova1611@test,123,
U1612,nova1612,nova1612@test,123,
U1613,nova1613,nova1613@test,123,
U1614,nova1614,nova1614@test,123,
U1615,nova1615,nova1615@test,123,
U1616,nova1616,nova1616@test,123,
U1617,nova1617,nova1617@test,123,
U1618,nova1618,nova1618@test,123,
U1619,nova1619,nova1619@test,123,
U1620,nova1620,nova1620@test,123,
U1621,nova1621,nova1621@test,123,
U1622,nova1622,nova1622@test,123,
U1623,nova1623,nova1623@test,123,
U1624,nova1624,nova1624@test,123,
U1625,nova1625,nova1625@test,123,
U1626,nova1626,nova1626@test,123,
U1627,nova1627,nova1627@test,123,
U1628,nova1628,nova1628@test,123,
U1629,nova1629,nova1629@test,123,
U1630,nova1630,nova1630@test,123,
U1631,nova1631,nova1631@test,123,
U1632,nova1632,nova1632@test,123,
U1633,nova1633,nova1633@test,123,
U1634,nova1634,nova1634@test,123,
U1635,nova1635,nova1635@test,123,
U1636,nova1636,nova1636@test,123,
U1637,nova1637,nova1637@test,123,
U1638,nova1638,nova1638@test,123,
U1639,nova1639,nova1639@test,123,
U1640,nova1640,nova1640@test,123,
U1641,nova1641,nova1641@test,123,
U1642,nova1642,nova1642@test,123,
U1643,nova1643,nova1643@test,123,
U1644,nova1644,nova1644@test,123,
U1645,nova1645,nova1645@test,123,
U1646,nova1646,nova1646@test,123,
U1647,nova1647,nova1647@test,123,
U1648,nova1648,nova1648@test,123,
U1649,nova1649,nova1649@test,123,
U1650,nova1650,nova1650@test,123,
U1651,nova1651,nova1651@test,123,
U1652,nova1652,nova1652@test,123,
U1653,nova1653,nova1653@test,123,
U1654,nova1654,nova1654@test,123,
U1655,nova1655,nova1655@test,123,
U1656,nova1656,nova1656@test,123,
U1657,nova1657,nova1657@test,123,
U1658,nova1658,nova1658@test,123,
U1659,nova1659,nova1659@test,123,
U1660,nova1660,nova1660@test,123,
U1661,nova1661,nova1661@test,123,
U1662,nova1662,nova1662@test,123,
U1663,nova1663,nova1663@test,123,
U1664,nova1664,nova1664@test,123,
U1665,nova1665,nova1665@test,123,
U1666,nova1666,nova1666@test,123,
U1667,nova1667,nova1667@test,123,
U1668,nova1668,nova1668@test,123,
U1669,nova1669,nova1669@test,123,
U1670,nova1670,nova1670@test,123,
U1671,nova1671,nova1671@test,123,
U1672,nova1672,nova1672@test,123,
U1673,nova1673,nova1673@test,123,
U1674,nova1674,nova1674@test,123,
U1675,nova1675,nova1675@test,123,
U1676,nova1676,nova1676@test,123,
U1677,nova1677,nova1677@test,123,
U1678,nova1678,nova1678@test,123,
U1679,nova1679,nova1679@test,123,
U1680,nova1680,nova1680@test,123,
U1681,nova1681,nova1681@test,123,
U1682,nova1682,nova1682@test,123,
U1683,nova1683,nova1683@test,123,
U1684,nova1684,nova1684@test,123,
U1685,nova1685,nova1685@test,123,
U1686,nova1686,nova1686@test,123,
U1687,nova1687,nova1687@test,123,
U1688,nova1688,nova1688@test,123,
U1689,nova1689,nova1689@test,123,
U1690,nova1690,nova1690@test,123,
U1691,nova1691,nova1691@test,123,
U1692,nova1692,nova1692@test,123,
U1693,nova1693,nova1693@test,123,
U1694,nova1694,nova1694@test,123,
U1695,nova1695,nova1695@test,123,
U1696,nova1696,nova1696@test,123,
U1697,nova1697,nova1697@test,123,
U1698,nova1698,nova1698@test,123,
U1699,nova1699,nova1699@test,123,
U1700,nova1700,nova1700@test,123,
U1701,nova1701,nova1701@test,123,
U1702,nova1702,nova1702@test,123,
U1703,nova1703,nova1703@test,123,
U1704,nova1704,nova1704@test,123,
U1705,nova1705,nova1705@test,123,
U1706,nova1706,nova1706@test,123,
U1707,nova1707,nova1707@test,123,
U1708,nova1708,nova1708@test,123,
U1709,nova1709,nova1709@test,123,
U1710,nova1710,nova1710@test,123,
U1711,nova1711,nova1711@test,123,
U1712,nova1712,nova1712@test,123,
U1713,nova1713,nova1713@test,123,
U1714,nova1714,nova1714@test,123,
U1715,nova1715,nova1715@test,123,
U1716,nova1716,nova1716@test,123,
U1717,nova1717,nova1717@test,123,
U1718,nova1718,nova1718@test,123,
U1719,nova1719,nova1719@test,123,
U1720,nova1720,nova1720@test,123,
U1721,nova1721,nova1721@test,123,
U1722,nova1722,nova1722@test,123,
U1723,nova1723,nova1723@test,123,
U1724,nova1724,nova1724@test,123,
U1725,nova1725,nova1725@test,123,
U1726,nova1726,nova1726@test,123,
U1727,nova1727,nova1727@test,123,
U1728,nova1728,nova1728@test,123,
U1729,nova1729,nova1729@test,123,
U1730,nova1730,nova1730@test,123,
U1731,nova1731,nova1731@test,123,
U1732,nova1732,nova1732@test,123,
U1733,nova1733,nova1733@test,123,
U1734,nova1734,nova1734@test,123,
U1735,nova1735,nova1735@test,123,
U1736,nova1736,nova1736@test,123,
U1737,nova1737,nova1737@test,123,
U1738,nova1738,nova1738@test,123,
U1739,nova1739,nova1739@test,123,
U1740,nova1740,nova1740@test,123,
U1741,nova1741,nova1741@test,123,
U1742,nova1742,nova1742@test,123,
U1743,nova1743,nova1743@test,123,
U1744,nova1744,nova1744@test,123,
U1745,nova1745,nova1745@test,123,
U1746,nova1746,nova1746@test,123,
U1747,nova1747,nova1747@test,123,
U1748,nova1748,nova1748@test,123,
U1749,nova1749,nova1749@test,123,
U1750,nova1750,nova1750@test,123,
U1751,nova1751,nova1751@test,123,
U1752,nova1752,nova1752@test,123,
U1753,nova1753,nova1753@test,123,
U1754,nova1754,nova1754@test,123,
U1755,nova1755,nova1755@test,123,
U1756,nova1756,nova1756@test,123,
U1757,nova1757,nova1757@test,123,
U1758,nova1758,nova1758@test,123,
U1759,nova1759,nova1759@test,123,
U1760,nova1760,nova1760@test,123,
U1761,nova1761,nova1761@test,123,
U1762,nova1762,nova1762@test,123,
U1763,nova1763,nova1763@test,123,
U1764,nova1764,nova1764@test,123,
U1765,nova1765,nova1765@test,123,
U1766,nova1766,nova1766@test,123,
U1767,nova1767,nova1767@test,123,
U1768,nova1768,nova1768@test,123,
U1769,nova1769,nova1769@test,123,
U1770,nova1770,nova1770@test,123,
U1771,nova1771,nova1771@test,123,
U1772,nova1772,nova1772@test,123,
U1773,nova1773,nova1773@test,123,
U1774,nova1774,nova1774@test,123,
U1775,nova1775,nova1775@test,123,
U1776,nova1776,nova1776@test,123,
U1777,nova1777,nova1777@test,123,
U1778,nova1778,nova1778@test,123,
U1779,nova1779,nova1779@test,123,
U1780,nova1780,nova1780@test,123,
U1781,nova1781,nova1781@test,123,
U1782,nova1782,nova1782@test,123,
U1783,nova1783,nova1783@test,123,
U1784,nova1784,nova1784@test,123,
U1785,nova1785,nova1785@test,123,
U1786,nova1786,nova1786@test,123,
U1787,nova1787,nova1787@test,123,
U1788,nova1788,nova1788@test,123,
U1789,nova1789,nova1789@test,123,
U1790,nova1790,nova1790@test,123,
U1791,nova1791,nova1791@test,123,
U1792,nova1792,nova1792@test,123,
U1793,nova1793,nova1793@test,123,
U1794,nova1794,nova1794@test,123,
U1795,nova1795,nova1795@test,123,
U1796,nova1796,nova1796@test,123,
U1797,nova1797,nova1797@test,123,
U1798,nova1798,nova1798@test,123,
U1799,nova1799,nova1799@test,123,
U1800,nova1800,nova1800@test,123,
U1801,nova1801,nova1801@test,123,
U1802,nova1802,nova1802@test,123,
U1803,nova1803,nova1803@test,123,
U1804,nova1804,nova1804@test,123,
U1805,nova1805,nova1805@test,123,
U1806,nova1806,nova1806@test,123,
U1807,nova1807,nova1807@test,123,
U1808,nova1808,nova1808@test,123,
U1809,nova1809,nova1809@test,123,
U1810,nova1810,nova1810@test,123,
U1811,nova1811,nova1811@test,123,
U1812,nova1812,nova1812@test,123,
U1813,nova1813,nova1813@test,123,
U1814,nova1814,nova1814@test,123,
U1815,nova1815,nova1815@test,123,
U1816,nova1816,nova1816@test,123,
U1817,nova1817,nova1817@test,123,
U1818,nova1818,nova1818@test,123,
U1819,nova1819,nova1819@test,123,
U1820,nova1820,nova1820@test,123,
U1821,nova1821,nova1821@test,123,
U1822,nova1822,nova1822@test,123,
U1823,nova1823,nova1823@test,123,
U1824,nova1824,nova1824@test,123,
U1825,nova1825,nova1825@test,123,
U1826,nova1826,nova1826@test,123,
U1827,nova1827,nova1827@test,123,
U1828,nova1828,nova1828@test,123,
U1829,nova1829,nova1829@test,123,
U1830,nova1830,nova1830@test,123,
U1831,nova1831,nova1831@test,123,
U1832,nova1832,nova1832@test,123,
U1833,nova1833,nova1833@test,123,
U1834,nova1834,nova1834@test,123,
U1835,nova1835,nova1835@test,123,
U1836,nova1836,nova1836@test,123,
U1837,nova1837,nova1837@test,123,
U1838,nova1838,nova1838@test,123,
U1839,nova1839,nova1839@test,123,
U1840,nova1840,nova1840@test,123,
U1841,nova1841,nova1841@test,123,
U1842,nova1842,nova1842@test,123,
U1843,nova1843,nova1843@test,123,
U1844,nova1844,nova1844@test,123,
U1845,nova1845,nova1845@test,123,
U1846,nova1846,nova1846@test,123,
U1847,nova1847,nova1847@test,123,
U1848,nova1848,nova1848@test,123,
U1849,nova1849,nova1849@test,123,
U1850,nova1850,nova1850@test,123,
U1851,nova1851,nova1851@test,123,
U1852,nova1852,nova1852@test,123,
U1853,nova1853,nova1853@test,123,
U1854,nova1854,nova1854@test,123,
U1855,nova1855,nova1855@test,123,
U1856,nova1856,nova1856@test,123,
U1857,nova1857,nova1857@test,123,
U1858,nova1858,nova1858@test,123,
U1859,nova1859,nova1859@test,123,
U1860,nova1860,nova1860@test,123,
U1861,nova1861,nova1861@test,123,
U1862,nova1862,nova1862@test,123,
U1863,nova1863,nova1863@test,123,
U1864,nova1864,nova1864@test,123,
U1865,nova1865,nova1865@test,123,
U1866,nova1866,nova1866@test,123,
U1867,nova1867,nova1867@test,123,
U1868,nova1868,nova1868@test,123,
U1869,nova1869,nova1869@test,123,
U1870,nova1870,nova1870@test,123,
U1871,nova1871,nova1871@test,123,
U1872,nova1872,nova1872@test,123,
U1873,nova1873,nova1873@test,123,
U1874,nova1874,nova1874@test,123,
U1875,nova1875,nova1875@test,123,
U1876,nova1876,nova1876@test,123,
U1877,nova1877,nova1877@test,123,
U1878,nova1878,nova1878@test,123,
U1879,nova1879,nova1879@test,123,
U1880,nova1880,nova1880@test,123,
U1881,nova1881,nova1881@test,123,
U1882,nova1882,nova1882@test,123,
U1883,nova1883,nova1883@test,123,
U1884,nova1884,nova1884@test,123,
U1885,nova1885,nova1885@test,123,
U1886,nova1886,nova1886@test,123,
U1887,nova1887,nova1887@test,123,
U1888,nova1888,nova1888@test,123,
U1889,nova1889,nova1889@test,123,
U1890,nova1890,nova1890@test,123,
U1891,nova1891,nova1891@test,123,
U1892,nova1892,nova1892@test,123,
U1893,nova1893,nova1893@test,123,
U1894,nova1894,nova1894@test,123,
U1895,nova1895,nova1895@test,123,
U1896,nova1896,nova1896@test,123,
U1897,nova1897,nova1897@test,123,
U1898,nova1898,nova1898@test,123,
U1899,nova1899,nova1899@test,123,
U1900,nova1900,nova1900@test,123,
U1901,nova1901,nova1901@test,123,
U1902,nova1902,nova1902@test,123,
U1903,nova1903,nova1903@test,123,
U1904,nova1904,nova1904@test,123,
U1905,nova1905,nova1905@test,123,
U1906,nova1906,nova1906@test,123,
U1907,nova1907,nova1907@test,123,
U1908,nova1908,nova1908@test,123,
U1909,nova1909,nova1909@test,123,
U1910,nova1910,nova1910@test,123,
U1911,nova1911,nova1911@test,123,
U1912,nova1912,nova1912@test,123,
U1913,nova1913,nova1913@test,123,
U1914,nova1914,nova1914@test,123,
U1915,nova1915,nova1915@test,123,
U1916,nova1916,nova1916@test,123,
U1917,nova1917,nova1917@test,123,
U1918,nova1918,nova1918@test,123,
U1919,nova1919,nova1919@test,123,
U1920,nova1920,nova1920@test,123,
U1921,nova1921,nova1921@test,123,
U1922,nova1922,nova1922@test,123,
U1923,nova1923,nova1923@test,123,
U1924,nova1924,nova1924@test,123,
U1925,nova1925,nova1925@test,123,
U1926,nova1926,nova1926@test,123,
U1927,nova1927,nova1927@test,123,
U1928,nova1928,nova1928@test,123,
U1929,nova1929,nova1929@test,123,
U1930,nova1930,nova1930@test,123,
U1931,nova1931,nova1931@test,123,
U1932,nova1932,nova1932@test,123,
U1933,nova1933,nova1933@test,123,
U1934,nova1934,nova1934@test,123,
U1935,nova1935,nova1935@test,123,
U1936,nova1936,nova1936@test,123,
U1937,nova1937,nova1937@test,123,
U1938,nova1938,nova1938@test,123,
U1939,nova1939,nova1939@test,123,
U1940,nova1940,nova1940@test,123,
U1941,nova1941,nova1941@test,123,
U1942,nova1942,nova1942@test,123,
U1943,nova1943,nova1943@test,123,
U1944,nova1944,nova1944@test,123,
U1945,nova1945,nova1945@test,123,
U1946,nova1946,nova1946@test,123,
U1947,nova1947,nova1947@test,123,
U1948,nova1948,nova1948@test,123,
U1949,nova1949,nova1949@test,123,
U1950,nova1950,nova1950@test,123,
U1951,nova1951,nova1951@test,123,
U1952,nova1952,nova1952@test,123,
U1953,nova1953,nova1953@test,123,
U1954,nova1954,nova1954@test,123,
U1955,nova1955,nova1955@test,123,
U1956,nova1956,nova1956@test,123,
U1957,nova1957,nova1957@test,123,
U1958,nova1958,nova1958@test,123,
U1959,nova1959,nova1959@test,123,
U1960,nova1960,nova1960@test,123,
U1961,nova1961,nova1961@test,123,
U1962,nova1962,nova1962@test,123,
U1963,nova1963,nova1963@test,123,
U1964,nova1964,nova1964@test,123,
U1965,nova1965,nova1965@test,123,
U1966,nova1966,nova1966@test,123,
U1967,nova1967,nova1967@test,123,
U1968,nova1968,nova1968@test,123,
U1969,nova1969,nova1969@test,123,
U1970,nova1970,nova1970@test,123,
U1971,nova1971,nova1971@test,123,
U1972,nova1972,nova1972@test,123,
U1973,nova1973,nova1973@test,123,
U1974,nova1974,nova1974@test,123,
U1975,nova1975,nova1975@test,123,
U1976,nova1976,nova1976@test,123,
U1977,nova1977,nova1977@test,123,
U1978,nova1978,nova1978@test,123,
U1979,nova1979,nova1979@test,123,
U1980,nova1980,nova1980@test,123,
U1981,nova1981,nova1981@test,123,
U1982,nova1982,nova1982@test,123,
U1983,nova1983,nova1983@test,123,
U1984,nova1984,nova1984@test,123,
U1985,nova1985,nova1985@test,123,
U1986,nova1986,nova1986@test,123,
U1987,nova1987,nova1987@test,123,
U1988,nova1988,nova1988@test,123,
U1989,nova1989,nova1989@test,123,
U1990,nova1990,nova1990@test,123,
U1991,nova1991,nova1991@test,123,
U1992,nova1992,nova1992@test,123,
U1993,nova1993,nova1993@test,123,
U1994,nova1994,nova1994@test,123,
U1995,nova1995,nova1995@test,123,
U1996,nova1996,nova1996@test,123,
U1997,nova1997,nova1997@test,123,
U1998,nova1998,nova1998@test,123,
U1999,nova1999,nova1999@test,123,
U2000,nova2000,nova2000@test,123,
U2001,nova2001,nova2001@test,123,
U2002,nova2002,nova2002@test,123,
U2003,nova2003,nova2003@test,123,
U2004,nova2004,nova2004@test,123,
U2005,nova2005,nova2005@test,123,
U2006,nova2006,nova2006@test,123,
U2007,nova2007,nova2007@test,123,
U2008,nova2008,nova2008@test,123,
U2009,nova2009,nova2009@test,123,
U2010,nova2010,nova2010@test,123,
U2011,nova2011,nova2011@test,123,
U2012,nova2012,nova2012@test,123,
U2013,nova2013,nova2013@test,123,
U2014,nova2014,nova2014@test,123,
U2015,nova2015,nova2015@test,123,
U2016,nova2016,nova2016@test,123,
U2017,nova2017,nova2017@test,123,
U2018,nova2018,nova2018@test,123,
U2019,nova2019,nova2019@test,123,
U2020,nova2020,nova2020@test,123,
U2021,nova2021,nova2021@test,123,
U2022,nova2022,nova2022@test,123,
U2023,nova2023,nova2023@test,123,
U2024,nova2024,nova2024@test,123,
U2025,nova2025,nova2025@test,123,
U2026,nova2026,nova2026@test,123,
U2027,nova2027,nova2027@test,123,
U2028,nova2028,nova2028@test,123,
U2029,nova2029,nova2029@test,123,
U2030,nova2030,nova2030@test,123,
U2031,nova2031,nova2031@test,123,
U2032,nova2032,nova2032@test,123,
U2033,nova2033,nova2033@test,123,
U2034,nova2034,nova2034@test,123,
U2035,nova2035,nova2035@test,123,
U2036,nova2036,nova2036@test,123,
U2037,nova2037,nova2037@test,123,
U2038,nova2038,nova2038@test,123,
U2039,nova2039,nova2039@test,123,
U2040,nova2040,nova2040@test,123,
U2041,nova2041,nova2041@test,123,
U2042,nova2042,nova2042@test,123,
U2043,nova2043,nova2043@test,123,
U2044,nova2044,nova2044@test,123,
U2045,nova2045,nova2045@test,123,
U2046,nova2046,nova2046@test,123,
U2047,nova2047,nova2047@test,123,
U2048,nova2048,nova2048@test,123,
U2049,nova2049,nova2049@test,123,
U2050,nova2050,nova2050@test,123,
U2051,nova2051,nova2051@test,123,
U2052,nova2052,nova2052@test,123,
U2053,nova2053,nova2053@test,123,
U2054,nova2054,nova2054@test,123,
U2055,nova2055,nova2055@test,123,
U2056,nova2056,nova2056@test,123,
U2057,nova2057,nova2057@test,123,
U2058,nova2058,nova2058@test,123,
U2059,nova2059,nova2059@test,123,
U2060,nova2060,nova2060@test,123,
U2061,nova2061,nova2061@test,123,
U2062,nova2062,nova2062@test,123,
U2063,nova2063,nova2063@test,123,
U2064,nova2064,nova2064@test,123,
U2065,nova2065,nova2065@test,123,
U2066,nova2066,nova2066@test,123,
U2067,nova2067,nova2067@test,123,
U2068,nova2068,nova2068@test,123,
U2069,nova2069,nova2069@test,123,
U2070,nova2070,nova2070@test,123,
U2071,nova2071,nova2071@test,123,
U2072,nova2072,nova2072@test,123,
U2073,nova2073,nova2073@test,123,
U2074,nova2074,nova2074@test,123,
U2075,nova2075,nova2075@test,123,
U2076,nova2076,nova2076@test,123,
U2077,nova2077,nova2077@test,123,
U2078,nova2078,nova2078@test,123,
U2079,nova2079,nova2079@test,123,
U2080,nova2080,nova2080@test,123,
U2081,nova2081,nova2081@test,123,
U2082,nova2082,nova2082@test,123,
U2083,nova2083,nova2083@test,123,
U2084,nova2084,nova2084@test,123,
U2085,nova2085,nova2085@test,123,
U2086,nova2086,nova2086@test,123,
U2087,nova2087,nova2087@test,123,
U2088,nova2088,nova2088@test,123,
U2089,nova2089,nova2089@test,123,
U2090,nova2090,nova2090@test,123,
U2091,nova2091,nova2091@test,123,
U2092,nova2092,nova2092@test,123,
U2093,nova2093,nova2093@test,123,
U2094,nova2094,nova2094@test,123,
U2095,nova2095,nova2095@test,123,
U2096,nova2096,nova2096@test,123,
U2097,nova2097,nova2097@test,123,
U2098,nova2098,nova2098@test,123,
U2099,nova2099,nova2099@test,123,
U2100,nova2100,nova2100@test,123,
U2101,nova2101,nova2101@test,123,
U2102,nova2102,nova2102@test,123,
U2103,nova2103,nova2103@test,123,
U2104,nova2104,nova2104@test,123,
U2105,nova2105,nova2105@test,123,
U2106,nova2106,nova2106@test,123,
U2107,nova2107,nova2107@test,123,
U2108,nova2108,nova2108@test,123,
U2109,nova2109,nova2109@test,123,
U2110,nova2110,nova2110@test,123,
U2111,nova2111,nova2111@test,123,
U2112,nova2112,nova2112@test,123,
U2113,nova2113,nova2113@test,123,
U2114,nova2114,nova2114@test,123,
U2115,nova2115,nova2115@test,123,
U2116,nova2116,nova2116@test,123,
U2117,nova2117,nova2117@test,123,
U2118,nova2118,nova2118@test,123,
U2119,nova2119,nova2119@test,123,
U2120,nova2120,nova2120@test,123,
U2121,nova2121,nova2121@test,123,
U2122,nova2122,nova2122@test,123,
U2123,nova2123,nova2123@test,123,
U2124,nova2124,nova2124@test,123,
U2125,nova2125,nova2125@test,123,
U2126,nova2126,nova2126@test,123,
U2127,nova2127,nova2127@test,123,
U2128,nova2128,nova2128@test,123,
U2129,nova2129,nova2129@test,123,
U2130,nova2130,nova2130@test,123,
U2131,nova2131,nova2131@test,123,
U2132,nova2132,nova2132@test,123,
U2133,nova2133,nova2133@test,123,
U2134,nova2134,nova2134@test,123,
U2135,nova2135,nova2135@test,123,
U2136,nova2136,nova2136@test,123,
U2137,nova2137,nova2137@test,123,
U2138,nova2138,nova2138@test,123,
U2139,nova2139,nova2139@test,123,
U2140,nova2140,nova2140@test,123,
U2141,nova2141,nova2141@test,123,
U2142,nova2142,nova2142@test,123,
U2143,nova2143,nova2143@test,123,
U2144,nova2144,nova2144@test,123,
U2145,nova2145,nova2145@test,123,
U2146,nova2146,nova2146@test,123,
U2147,nova2147,nova2147@test,123,
U2148,nova2148,nova2148@test,123,
U2149,nova2149,nova2149@test,123,
U2150,nova2150,nova2150@test,123,
U2151,nova2151,nova2151@test,123,
U2152,nova2152,nova2152@test,123,
U2153,nova2153,nova2153@test,123,
U2154,nova2154,nova2154@test,123,
U2155,nova2155,nova2155@test,123,
U2156,nova2156,nova2156@test,123,
U2157,nova2157,nova2157@test,123,
U2158,nova2158,nova2158@test,123,
U2159,nova2159,nova2159@test,123,
U2160,nova2160,nova2160@test,123,
U2161,nova2161,nova2161@test,123,
U2162,nova2162,nova2162@test,123,
U2163,nova2163,nova2163@test,123,
U2164,nova2164,nova2164@test,123,
U2165,nova2165,nova2165@test,123,
U2166,nova2166,nova2166@test,123,
U2167,nova2167,nova2167@test,123,
U2168,nova2168,nova2168@test,123,
U2169,nova2169,nova2169@test,123,
U2170,nova2170,nova2170@test,123,
U2171,nova2171,nova2171@test,123,
U2172,nova2172,nova2172@test,123,
U2173,nova2173,nova2173@test,123,
U2174,nova2174,nova2174@test,123,
U2175,nova2175,nova2175@test,123,
U2176,nova2176,nova2176@test,123,
U2177,nova2177,nova2177@test,123,
U2178,nova2178,nova2178@test,123,
U2179,nova2179,nova2179@test,123,
U2180,nova2180,nova2180@test,123,
U2181,nova2181,nova2181@test,123,
U2182,nova2182,nova2182@test,123,
U2183,nova2183,nova2183@test,123,
U2184,nova2184,nova2184@test,123,
U2185,nova2185,nova2185@test,123,
U2186,nova2186,nova2186@test,123,
U2187,nova2187,nova2187@test,123,
U2188,nova2188,nova2188@test,123,
U2189,nova2189,nova2189@test,123,
U2190,nova2190,nova2190@test,123,
U2191,nova2191,nova2191@test,123,
U2192,nova2192,nova2192@test,123,
U2193,nova2193,nova2193@test,123,
U2194,nova2194,nova2194@test,123,
U2195,nova2195,nova2195@test,123,
U2196,nova2196,nova2196@test,123,
U2197,nova2197,nova2197@test,123,
U2198,nova2198,nova2198@test,123,
U2199,nova2199,nova2199@test,123,
U2200,nova2200,nova2200@test,123,
U2201,nova2201,nova2201@test,123,
U2202,nova2202,nova2202@test,123,
U2203,nova2203,nova2203@test,123,
U2204,nova2204,nova2204@test,123,
U2205,nova2205,nova2205@test,123,
U2206,nova2206,nova2206@test,123,
U2207,nova2207,nova2207@test,123,
U2208,nova2208,nova2208@test,123,
U2209,nova2209,nova2209@test,123,
U2210,nova2210,nova2210@test,123,
U2211,nova2211,nova2211@test,123,
U2212,nova2212,nova2212@test,123,
U2213,nova2213,nova2213@test,123,
U2214,nova2214,nova2214@test,123,
U2215,nova2215,nova2215@test,123,
U2216,nova2216,nova2216@test,123,
U2217,nova2217,nova2217@test,123,
U2218,nova2218,nova2218@test,123,
U2219,nova2219,nova2219@test,123,
U2220,nova2220,nova2220@test,123,
U2221,nova2221,nova2221@test,123,
U2222,nova2222,nova2222@test,123,
U2223,nova2223,nova2223@test,123,
U2224,nova2224,nova2224@test,123,
U2225,nova2225,nova2225@test,123,
U2226,nova2226,nova2226@test,123,
U2227,nova2227,nova2227@test,123,
U2228,nova2228,nova2228@test,123,
U2229,nova2229,nova2229@test,123,
U2230,nova2230,nova2230@test,123,
U2231,nova2231,nova2231@test,123,
U2232,nova2232,nova2232@test,123,
U2233,nova2233,nova2233@test,123,
U2234,nova2234,nova2234@test,123,
U2235,nova2235,nova2235@test,123,
U2236,nova2236,nova2236@test,123,
U2237,nova2237,nova2237@test,123,
U2238,nova2238,nova2238@test,123,
U2239,nova2239,nova2239@test,123,
U2240,nova2240,nova2240@test,123,
U2241,nova2241,nova2241@test,123,
U2242,nova2242,nova2242@test,123,
U2243,nova2243,nova2243@test,123,
U2244,nova2244,nova2244@test,123,
U2245,nova2245,nova2245@test,123,
U2246,nova2246,nova2246@test,123,
U2247,nova2247,nova2247@test,123,
U2248,nova2248,nova2248@test,123,
U2249,nova2249,nova2249@test,123,
U2250,nova2250,nova2250@test,123,
U2251,nova2251,nova2251@test,123,
U2252,nova2252,nova2252@test,123,
U2253,nova2253,nova2253@test,123,
U2254,nova2254,nova2254@test,123,
U2255,nova2255,nova2255@test,123,
U2256,nova2256,nova2256@test,123,
U2257,nova2257,nova2257@test,123,
U2258,nova2258,nova2258@test,123,
U2259,nova2259,nova2259@test,123,
U2260,nova2260,nova2260@test,123,
U2261,nova2261,nova2261@test,123,
U2262,nova2262,nova2262@test,123,
U2263,nova2263,nova2263@test,123,
U2264,nova2264,nova2264@test,123,
U2265,nova2265,nova2265@test,123,
U2266,nova2266,nova2266@test,123,
U2267,nova2267,nova2267@test,123,
U2268,nova2268,nova2268@test,123,
U2269,nova2269,nova2269@test,123,
U2270,nova2270,nova2270@test,123,
U2271,nova2271,nova2271@test,123,
U2272,nova2272,nova2272@test,123,
U2273,nova2273,nova2273@test,123,
U2274,nova2274,nova2274@test,123,
U2275,nova2275,nova2275@test,123,
U2276,nova2276,nova2276@test,123,
U2277,nova2277,nova2277@test,123,
U2278,nova2278,nova2278@test,123,
U2279,nova2279,nova2279@test,123,
U2280,nova2280,nova2280@test,123,
U2281,nova2281,nova2281@test,123,
U2282,nova2282,nova2282@test,123,
U2283,nova2283,nova2283@test,123,
U2284,nova2284,nova2284@test,123,
U2285,nova2285,nova2285@test,123,
U2286,nova2286,nova2286@test,123,
U2287,nova2287,nova2287@test,123,
U2288,nova2288,nova2288@test,123,
U2289,nova2289,nova2289@test,123,
U2290,nova2290,nova2290@test,123,
U2291,nova2291,nova2291@test,123,
U2292,nova2292,nova2292@test,123,
U2293,nova2293,nova2293@test,123,
U2294,nova2294,nova2294@test,123,
U2295,nova2295,nova2295@test,123,
U2296,nova2296,nova2296@test,123,
U2297,nova2297,nova2297@test,123,
U2298,nova2298,nova2298@test,123,
U2299,nova2299,nova2299@test,123,
U2300,nova2300,nova2300@test,123,
U2301,nova2301,nova2301@test,123,
U2302,nova2302,nova2302@test,123,
U2303,nova2303,nova2303@test,123,
U2304,nova2304,nova2304@test,123,
U2305,nova2305,nova2305@test,123,
U2306,nova2306,nova2306@test,123,
U2307,nova2307,nova2307@test,123,
U2308,nova2308,nova2308@test,123,
U2309,nova2309,nova2309@test,123,
U2310,nova2310,nova2310@test,123,
U2311,nova2311,nova2311@test,123,
U2312,nova2312,nova2312@test,123,
U2313,nova2313,nova2313@test,123,
U2314,nova2314,nova2314@test,123,
U2315,nova2315,nova2315@test,123,
U2316,nova2316,nova2316@test,123,
U2317,nova2317,nova2317@test,123,
U2318,nova2318,nova2318@test,123,
U2319,nova2319,nova2319@test,123,
U2320,nova2320,nova2320@test,123,
U2321,nova2321,nova2321@test,123,
U2322,nova2322,nova2322@test,123,
U2323,nova2323,nova2323@test,123,
U2324,nova2324,nova2324@test,123,
U2325,nova2325,nova2325@test,123,
U2326,nova2326,nova2326@test,123,
U2327,nova2327,nova2327@test,123,
U2328,nova2328,nova2328@test,123,
U2329,nova2329,nova2329@test,123,
U2330,nova2330,nova2330@test,123,
U2331,nova2331,nova2331@test,123,
U2332,nova2332,nova2332@test,123,
U2333,nova2333,nova2333@test,123,
U2334,nova2334,nova2334@test,123,
U2335,nova2335,nova2335@test,123,
U2336,nova2336,nova2336@test,123,
U2337,nova2337,nova2337@test,123,
U2338,nova2338,nova2338@test,123,
U2339,nova2339,nova2339@test,123,
U2340,nova2340,nova2340@test,123,
U2341,nova2341,nova2341@test,123,
U2342,nova2342,nova2342@test,123,
U2343,nova2343,nova2343@test,123,
U2344,nova2344,nova2344@test,123,
U2345,nova2345,nova2345@test,123,
U2346,nova2346,nova2346@test,123,
U2347,nova2347,nova2347@test,123,
U2348,nova2348,nova2348@test,123,
U2349,nova2349,nova2349@test,123,
U2350,nova2350,nova2350@test,123,
U2351,nova2351,nova2351@test,123,
U2352,nova2352,nova2352@test,123,
U2353,nova2353,nova2353@test,123,
U2354,nova2354,nova2354@test,123,
U2355,nova2355,nova2355@test,123,
U2356,nova2356,nova2356@test,123,
U2357,nova2357,nova2357@test,123,
U2358,nova2358,nova2358@test,123,
U2359,nova2359,nova2359@test,123,
U2360,nova2360,nova2360@test,123,
U2361,nova2361,nova2361@test,123,
U2362,nova2362,nova2362@test,123,
U2363,nova2363,nova2363@test,123,
U2364,nova2364,nova2364@test,123,
U2365,nova2365,nova2365@test,123,
U2366,nova2366,nova2366@test,123,
U2367,nova2367,nova2367@test,123,
U2368,nova2368,nova2368@test,123,
U2369,nova2369,nova2369@test,123,
U2370,nova2370,nova2370@test,123,
U2371,nova2371,nova2371@test,123,
U2372,nova2372,nova2372@test,123,
U2373,nova2373,nova2373@test,123,
U2374,nova2374,nova2374@test,123,
U2375,nova2375,nova2375@test,123,
U2376,nova2376,nova2376@test,123,
U2377,nova2377,nova2377@test,123,
U2378,nova2378,nova2378@test,123,
U2379,nova2379,nova2379@test,123,
U2380,nova2380,nova2380@test,123,
U2381,nova2381,nova2381@test,123,
U2382,nova2382,nova2382@test,123,
U2383,nova2383,nova2383@test,123,
U2384,nova2384,nova2384@test,123,
U2385,nova2385,nova2385@test,123,
U2386,nova2386,nova2386@test,123,
U2387,nova2387,nova2387@test,123,
U2388,nova2388,nova2388@test,123,
U2389,nova2389,nova2389@test,123,
U2390,nova2390,nova2390@test,123,
U2391,nova2391,nova2391@test,123,
U2392,nova2392,nova2392@test,123,
U2393,nova2393,nova2393@test,123,
U2394,nova2394,nova2394@test,123,
U2395,nova2395,nova2395@test,123,
U2396,nova2396,nova2396@test,123,
U2397,nova2397,nova2397@test,123,
U2398,nova2398,nova2398@test,123,
U2399,nova2399,nova2399@test,123,
U2400,nova2400,nova2400@test,123,
U2401,nova2401,nova2401@test,123,
U2402,nova2402,nova2402@test,123,
U2403,nova2403,nova2403@test,123,
U2404,nova2404,nova2404@test,123,
U2405,nova2405,nova2405@test,123,
U2406,nova2406,nova2406@test,123,
U2407,nova2407,nova2407@test,123,
U2408,nova2408,nova2408@test,123,
U2409,nova2409,nova2409@test,123,
U2410,nova2410,nova2410@test,123,
U2411,nova2411,nova2411@test,123,
U2412,nova2412,nova2412@test,123,
U2413,nova2413,nova2413@test,123,
U2414,nova2414,nova2414@test,123,
U2415,nova2415,nova2415@test,123,
U2416,nova2416,nova2416@test,123,
U2417,nova2417,nova2417@test,123,
U2418,nova2418,nova2418@test,123,
U2419,nova2419,nova2419@test,123,
U2420,nova2420,nova2420@test,123,
U2421,nova2421,nova2421@test,123,
U2422,nova2422,nova2422@test,123,
U2423,nova2423,nova2423@test,123,
U2424,nova2424,nova2424@test,123,
U2425,nova2425,nova2425@test,123,
U2426,nova2426,nova2426@test,123,
U2427,nova2427,nova2427@test,123,
U2428,nova2428,nova2428@test,123,
U2429,nova2429,nova2429@test,123,
U2430,nova2430,nova2430@test,123,
U2431,nova2431,nova2431@test,123,
U2432,nova2432,nova2432@test,123,
U2433,nova2433,nova2433@test,123,
U2434,nova2434,nova2434@test,123,
U2435,nova2435,nova2435@test,123,
U2436,nova2436,nova2436@test,123,
U2437,nova2437,nova2437@test,123,
U2438,nova2438,nova2438@test,123,
U2439,nova2439,nova2439@test,123,
U2440,nova2440,nova2440@test,123,
U2441,nova2441,nova2441@test,123,
U2442,nova2442,nova2442@test,123,
U2443,nova2443,nova2443@test,123,
U2444,nova2444,nova2444@test,123,
U2445,nova2445,nova2445@test,123,
U2446,nova2446,nova2446@test,123,
U2447,nova2447,nova2447@test,123,
U2448,nova2448,nova2448@test,123,
U2449,nova2449,nova2449@test,123,
U2450,nova2450,nova2450@test,123,
U2451,nova2451,nova2451@test,123,
U2452,nova2452,nova2452@test,123,
U2453,nova2453,nova2453@test,123,
U2454,nova2454,nova2454@test,123,
U2455,nova2455,nova2455@test,123,
U2456,nova2456,nova2456@test,123,
U2457,nova2457,nova2457@test,123,
U2458,nova2458,nova2458@test,123,
U2459,nova2459,nova2459@test,123,
U2460,nova2460,nova2460@test,123,
U2461,nova2461,nova2461@test,123,
U2462,nova2462,nova2462@test,123,
U2463,nova2463,nova2463@test,123,
U2464,nova2464,nova2464@test,123,
U2465,nova2465,nova2465@test,123,
U2466,nova2466,nova2466@test,123,
U2467,nova2467,nova2467@test,123,
U2468,nova2468,nova2468@test,123,
U2469,nova2469,nova2469@test,123,
U2470,nova2470,nova2470@test,123,
U2471,nova2471,nova2471@test,123,
U2472,nova2472,nova2472@test,123,
U2473,nova2473,nova2473@test,123,
U2474,nova2474,nova2474@test,123,
U2475,nova2475,nova2475@test,123,
U2476,nova2476,nova2476@test,123,
U2477,nova2477,nova2477@test,123,
U2478,nova2478,nova2478@test,123,
U2479,nova2479,nova2479@test,123,
U2480,nova2480,nova2480@test,123,
U2481,nova2481,nova2481@test,123,
U2482,nova2482,nova2482@test,123,
U2483,nova2483,nova2483@test,123,
U2484,nova2484,nova2484@test,123,
U2485,nova2485,nova2485@test,123,
U2486,nova2486,nova2486@test,123,
U2487,nova2487,nova2487@test,123,
U2488,nova2488,nova2488@test,123,
U2489,nova2489,nova2489@test,123,
U2490,nova2490,nova2490@test,123,
U2491,nova2491,nova2491@test,123,
U2492,nova2492,nova2492@test,123,
U2493,nova2493,nova2493@test,123,
U2494,nova2494,nova2494@test,123,
U2495,nova2495,nova2495@test,123,
U2496,nova2496,nova2496@test,123,
U2497,nova2497,nova2497@test,123,
U2498,nova2498,nova2498@test,123,
U2499,nova2499,nova2499@test,123,
U2500,nova2500,nova2500@test,123,
U2501,nova2501,nova2501@test,123,
U2502,nova2502,nova2502@test,123,
U2503,nova2503,nova2503@test,123,
U2504,nova2504,nova2504@test,123,
U2505,nova2505,nova2505@test,123,
U2506,nova2506,nova2506@test,123,
U2507,nova2507,nova2507@test,123,
U2508,nova2508,nova2508@test,123,
U2509,nova2509,nova2509@test,123,
U2510,nova2510,nova2510@test,123,
U2511,nova2511,nova2511@test,123,
U2512,nova2512,nova2512@test,123,
U2513,nova2513,nova2513@test,123,
U2514,nova2514,nova2514@test,123,
U2515,nova2515,nova2515@test,123,
U2516,nova2516,nova2516@test,123,
U2517,nova2517,nova2517@test,123,
U2518,nova2518,nova2518@test,123,
U2519,nova2519,nova2519@test,123,
U2520,nova2520,nova2520@test,123,
U2521,nova2521,nova2521@test,123,
U2522,nova2522,nova2522@test,123,
U2523,nova2523,nova2523@test,123,
U2524,nova2524,nova2524@test,123,
U2525,nova2525,nova2525@test,123,
U2526,nova2526,nova2526@test,123,
U2527,nova2527,nova2527@test,123,
U2528,nova2528,nova2528@test,123,
U2529,nova2529,nova2529@test,123,
U2530,nova2530,nova2530@test,123,
U2531,nova2531,nova2531@test,123,
U2532,nova2532,nova2532@test,123,
U2533,nova2533,nova2533@test,123,
U2534,nova2534,nova2534@test,123,
U2535,nova2535,nova2535@test,123,
U2536,nova2536,nova2536@test,123,
U2537,nova2537,nova2537@test,123,
U2538,nova2538,nova2538@test,123,
U2539,nova2539,nova2539@test,123,
U2540,nova2540,nova2540@test,123,
U2541,nova2541,nova2541@test,123,
U2542,nova2542,nova2542@test,123,
U2543,nova2543,nova2543@test,123,
U2544,nova2544,nova2544@test,123,
U2545,nova2545,nova2545@test,123,
U2546,nova2546,nova2546@test,123,
U2547,nova2547,nova2547@test,123,
U2548,nova2548,nova2548@test,123,
U2549,nova2549,nova2549@test,123,
U2550,nova2550,nova2550@test,123,
U2551,nova2551,nova2551@test,123,
U2552,nova2552,nova2552@test,123,
U2553,nova2553,nova2553@test,123,
U2554,nova2554,nova2554@test,123,
U2555,nova2555,nova2555@test,123,
U2556,nova2556,nova2556@test,123,
U2557,nova2557,nova2557@test,123,
U2558,nova2558,nova2558@test,123,
U2559,nova2559,nova2559@test,123,
U2560,nova2560,nova2560@test,123,
U2561,nova2561,nova2561@test,123,
U2562,nova2562,nova2562@test,123,
U2563,nova2563,nova2563@test,123,
U2564,nova2564,nova2564@test,123,
U2565,nova2565,nova2565@test,123,
U2566,nova2566,nova2566@test,123,
U2567,nova2567,nova2567@test,123,
U2568,nova2568,nova2568@test,123,
U2569,nova2569,nova2569@test,123,
U2570,nova2570,nova2570@test,123,
U2571,nova2571,nova2571@test,123,
U2572,nova2572,nova2572@test,123,
U2573,nova2573,nova2573@test,123,
U2574,nova2574,nova2574@test,123,
U2575,nova2575,nova2575@test,123,
U2576,nova2576,nova2576@test,123,
U2577,nova2577,nova2577@test,123,
U2578,nova2578,nova2578@test,123,
U2579,nova2579,nova2579@test,123,
U2580,nova2580,nova2580@test,123,
U2581,nova2581,nova2581@test,123,
U2582,nova2582,nova2582@test,123,
U2583,nova2583,nova2583@test,123,
U2584,nova2584,nova2584@test,123,
U2585,nova2585,nova2585@test,123,
U2586,nova2586,nova2586@test,123,
U2587,nova2587,nova2587@test,123,
U2588,nova2588,nova2588@test,123,
U2589,nova2589,nova2589@test,123,
U2590,nova2590,nova2590@test,123,
U2591,nova2591,nova2591@test,123,
U2592,nova2592,nova2592@test,123,
U2593,nova2593,nova2593@test,123,
U2594,nova2594,nova2594@test,123,
U2595,nova2595,nova2595@test,123,
U2596,nova2596,nova2596@test,123,
U2597,nova2597,nova2597@test,123,
U2598,nova2598,nova2598@test,123,
U2599,nova2599,nova2599@test,123,
U2600,nova2600,nova2600@test,123,
U2601,nova2601,nova2601@test,123,
U2602,nova2602,nova2602@test,123,
U2603,nova2603,nova2603@test,123,
U2604,nova2604,nova2604@test,123,
U2605,nova2605,nova2605@test,123,
U2606,nova2606,nova2606@test,123,
U2607,nova2607,nova2607@test,123,
U2608,nova2608,nova2608@test,123,
U2609,nova2609,nova2609@test,123,
U2610,nova2610,nova2610@test,123,
U2611,nova2611,nova2611@test,123,
U2612,nova2612,nova2612@test,123,
U2613,nova2613,nova2613@test,123,
U2614,nova2614,nova2614@test,123,
U2615,nova2615,nova2615@test,123,
U2616,nova2616,nova2616@test,123,
U2617,nova2617,nova2617@test,123,
U2618,nova2618,nova2618@test,123,
U2619,nova2619,nova2619@test,123,
U2620,nova2620,nova2620@test,123,
U2621,nova2621,nova2621@test,123,
U2622,nova2622,nova2622@test,123,
U2623,nova2623,nova2623@test,123,
U2624,nova2624,nova2624@test,123,
U2625,nova2625,nova2625@test,123,
U2626,nova2626,nova2626@test,123,
U2627,nova2627,nova2627@test,123,
U2628,nova2628,nova2628@test,123,
U2629,nova2629,nova2629@test,123,
U2630,nova2630,nova2630@test,123,
U2631,nova2631,nova2631@test,123,
U2632,nova2632,nova2632@test,123,
U2633,nova2633,nova2633@test,123,
U2634,nova2634,nova2634@test,123,
U2635,nova2635,nova2635@test,123,
U2636,nova2636,nova2636@test,123,
U2637,nova2637,nova2637@test,123,
U2638,nova2638,nova2638@test,123,
U2639,nova2639,nova2639@test,123,
U2640,nova2640,nova2640@test,123,
U2641,nova2641,nova2641@test,123,
U2642,nova2642,nova2642@test,123,
U2643,nova2643,nova2643@test,123,
U2644,nova2644,nova2644@test,123,
U2645,nova2645,nova2645@test,123,
U2646,nova2646,nova2646@test,123,
U2647,nova2647,nova2647@test,123,
U2648,nova2648,nova2648@test,123,
U2649,nova2649,nova2649@test,123,
U2650,nova2650,nova2650@test,123,
U2651,nova2651,nova2651@test,123,
U2652,nova2652,nova2652@test,123,
U2653,nova2653,nova2653@test,123,
U2654,nova2654,nova2654@test,123,
U2655,nova2655,nova2655@test,123,
U2656,nova2656,nova2656@test,123,
U2657,nova2657,nova2657@test,123,
U2658,nova2658,nova2658@test,123,
U2659,nova2659,nova2659@test,123,
U2660,nova2660,nova2660@test,123,
U2661,nova2661,nova2661@test,123,
U2662,nova2662,nova2662@test,123,
U2663,nova2663,nova2663@test,123,
U2664,nova2664,nova2664@test,123,
U2665,nova2665,nova2665@test,123,
U2666,nova2666,nova2666@test,123,
U2667,nova2667,nova2667@test,123,
U2668,nova2668,nova2668@test,123,
U2669,nova2669,nova2669@test,123,
U2670,nova2670,nova2670@test,123,
U2671,nova2671,nova2671@test,123,
U2672,nova2672,nova2672@test,123,
U2673,nova2673,nova2673@test,123,
U2674,nova2674,nova2674@test,123,
U2675,nova2675,nova2675@test,123,
U2676,nova2676,nova2676@test,123,
U2677,nova2677,nova2677@test,123,
U2678,nova2678,nova2678@test,123,
U2679,nova2679,nova2679@test,123,
U2680,nova2680,nova2680@test,123,
U2681,nova2681,nova2681@test,123,
U2682,nova2682,nova2682@test,123,
U2683,nova2683,nova2683@test,123,
U2684,nova2684,nova2684@test,123,
U2685,nova2685,nova2685@test,123,
U2686,nova2686,nova2686@test,123,
U2687,nova2687,nova2687@test,123,
U2688,nova2688,nova2688@test,123,
U2689,nova2689,nova2689@test,123,
U2690,nova2690,nova2690@test,123,
U2691,nova2691,nova2691@test,123,
U2692,nova2692,nova2692@test,123,
U2693,nova2693,nova2693@test,123,
U2694,nova2694,nova2694@test,123,
U2695,nova2695,nova2695@test,123,
U2696,nova2696,nova2696@test,123,
U2697,nova2697,nova2697@test,123,
U2698,nova2698,nova2698@test,123,
U2699,nova2699,nova2699@test,123,
U2700,nova2700,nova2700@test,123,
U2701,nova2701,nova2701@test,123,
U2702,nova2702,nova2702@test,123,
U2703,nova2703,nova2703@test,123,
U2704,nova2704,nova2704@test,123,
U2705,nova2705,nova2705@test,123,
U2706,nova2706,nova2706@test,123,
U2707,nova2707,nova2707@test,123,
U2708,nova2708,nova2708@test,123,
U2709,nova2709,nova2709@test,123,
U2710,nova2710,nova2710@test,123,
U2711,nova2711,nova2711@test,123,
U2712,nova2712,nova2712@test,123,
U2713,nova2713,nova2713@test,123,
U2714,nova2714,nova2714@test,123,
U2715,nova2715,nova2715@test,123,
U2716,nova2716,nova2716@test,123,
U2717,nova2717,nova2717@test,123,
U2718,nova2718,nova2718@test,123,
U2719,nova2719,nova2719@test,123,
U2720,nova2720,nova2720@test,123,
U2721,nova2721,nova2721@test,123,
U2722,nova2722,nova2722@test,123,
U2723,nova2723,nova2723@test,123,
U2724,nova2724,nova2724@test,123,
U2725,nova2725,nova2725@test,123,
U2726,nova2726,nova2726@test,123,
U2727,nova2727,nova2727@test,123,
U2728,nova2728,nova2728@test,123,
U2729,nova2729,nova2729@test,123,
U2730,nova2730,nova2730@test,123,
U2731,nova2731,nova2731@test,123,
U2732,nova2732,nova2732@test,123,
U2733,nova2733,nova2733@test,123,
U2734,nova2734,nova2734@test,123,
U2735,nova2735,nova2735@test,123,
U2736,nova2736,nova2736@test,123,
U2737,nova2737,nova2737@test,123,
U2738,nova2738,nova2738@test,123,
U2739,nova2739,nova2739@test,123,
U2740,nova2740,nova2740@test,123,
U2741,nova2741,nova2741@test,123,
U2742,nova2742,nova2742@test,123,
U2743,nova2743,nova2743@test,123,
U2744,nova2744,nova2744@test,123,
U2745,nova2745,nova2745@test,123,
U2746,nova2746,nova2746@test,123,
U2747,nova2747,nova2747@test,123,
U2748,nova2748,nova2748@test,123,
U2749,nova2749,nova2749@test,123,
U2750,nova2750,nova2750@test,123,
U2751,nova2751,nova2751@test,123,
U2752,nova2752,nova2752@test,123,
U2753,nova2753,nova2753@test,123,
U2754,nova2754,nova2754@test,123,
U2755,nova2755,nova2755@test,123,
U2756,nova2756,nova2756@test,123,
U2757,nova2757,nova2757@test,123,
U2758,nova2758,nova2758@test,123,
U2759,nova2759,nova2759@test,123,
U2760,nova2760,nova2760@test,123,
U2761,nova2761,nova2761@test,123,
U2762,nova2762,nova2762@test,123,
U2763,nova2763,nova2763@test,123,
U2764,nova2764,nova2764@test,123,
U2765,nova2765,nova2765@test,123,
U2766,nova2766,nova2766@test,123,
U2767,nova2767,nova2767@test,123,
U2768,nova2768,nova2768@test,123,
U2769,nova2769,nova2769@test,123,
U2770,nova2770,nova2770@test,123,
U2771,nova2771,nova2771@test,123,
U2772,nova2772,nova2772@test,123,
U2773,nova2773,nova2773@test,123,
U2774,nova2774,nova2774@test,123,
U2775,nova2775,nova2775@test,123,
U2776,nova2776,nova2776@test,123,
U2777,nova2777,nova2777@test,123,
U2778,nova2778,nova2778@test,123,
U2779,nova2779,nova2779@test,123,
U2780,nova2780,nova2780@test,123,
U2781,nova2781,nova2781@test,123,
U2782,nova2782,nova2782@test,123,
U2783,nova2783,nova2783@test,123,
U2784,nova2784,nova2784@test,123,
U2785,nova2785,nova2785@test,123,
U2786,nova2786,nova2786@test,123,
U2787,nova2787,nova2787@test,123,
U2788,nova2788,nova2788@test,123,
U2789,nova2789,nova2789@test,123,
U2790,nova2790,nova2790@test,123,
U2791,nova2791,nova2791@test,123,
U2792,nova2792,nova2792@test,123,
U2793,nova2793,nova2793@test,123,
U2794,nova2794,nova2794@test,123,
U2795,nova2795,nova2795@test,123,
U2796,nova2796,nova2796@test,123,
U2797,nova2797,nova2797@test,123,
U2798,nova2798,nova2798@test,123,
U2799,nova2799,nova2799@test,123,
U2800,nova2800,nova2800@test,123,
U2801,nova2801,nova2801@test,123,
U2802,nova2802,nova2802@test,123,
U2803,nova2803,nova2803@test,123,
U2804,nova2804,nova2804@test,123,
U2805,nova2805,nova2805@test,123,
U2806,nova2806,nova2806@test,123,
U2807,nova2807,nova2807@test,123,
U2808,nova2808,nova2808@test,123,
U2809,nova2809,nova2809@test,123,
U2810,nova2810,nova2810@test,123,
U2811,nova2811,nova2811@test,123,
U2812,nova2812,nova2812@test,123,
U2813,nova2813,nova2813@test,123,
U2814,nova2814,nova2814@test,123,
U2815,nova2815,nova2815@test,123,
U2816,nova2816,nova2816@test,123,
U2817,nova2817,nova2817@test,123,
U2818,nova2818,nova2818@test,123,
U2819,nova2819,nova2819@test,123,
U2820,nova2820,nova2820@test,123,
U2821,nova2821,nova2821@test,123,
U2822,nova2822,nova2822@test,123,
U2823,nova2823,nova2823@test,123,
U2824,nova2824,nova2824@test,123,
U2825,nova2825,nova2825@test,123,
U2826,nova2826,nova2826@test,123,
U2827,nova2827,nova2827@test,123,
U2828,nova2828,nova2828@test,123,
U2829,nova2829,nova2829@test,123,
U2830,nova2830,nova2830@test,123,
U2831,nova2831,nova2831@test,123,
U2832,nova2832,nova2832@test,123,
U2833,nova2833,nova2833@test,123,
U2834,nova2834,nova2834@test,123,
U2835,nova2835,nova2835@test,123,
U2836,nova2836,nova2836@test,123,
U2837,nova2837,nova2837@test,123,
U2838,nova2838,nova2838@test,123,
U2839,nova2839,nova2839@test,123,
U2840,nova2840,nova2840@test,123,
U2841,nova2841,nova2841@test,123,
U2842,nova2842,nova2842@test,123,
U2843,nova2843,nova2843@test,123,
U2844,nova2844,nova2844@test,123,
U2845,nova2845,nova2845@test,123,
U2846,nova2846,nova2846@test,123,
U2847,nova2847,nova2847@test,123,
U2848,nova2848,nova2848@test,123,
U2849,nova2849,nova2849@test,123,
U2850,nova2850,nova2850@test,123,
U2851,nova2851,nova2851@test,123,
U2852,nova2852,nova2852@test,123,
U2853,nova2853,nova2853@test,123,
U2854,nova2854,nova2854@test,123,
U2855,nova2855,nova2855@test,123,
U2856,nova2856,nova2856@test,123,
U2857,nova2857,nova2857@test,123,
U2858,nova2858,nova2858@test,123,
U2859,nova2859,nova2859@test,123,
U2860,nova2860,nova2860@test,123,
U2861,nova2861,nova2861@test,123,
U2862,nova2862,nova2862@test,123,
U2863,nova2863,nova2863@test,123,
U2864,nova2864,nova2864@test,123,
U2865,nova2865,nova2865@test,123,
U2866,nova2866,nova2866@test,123,
U2867,nova2867,nova2867@test,123,
U2868,nova2868,nova2868@test,123,
U2869,nova2869,nova2869@test,123,
U2870,nova2870,nova2870@test,123,
U2871,nova2871,nova2871@test,123,
U2872,nova2872,nova2872@test,123,
U2873,nova2873,nova2873@test,123,
U2874,nova2874,nova2874@test,123,
U2875,nova2875,nova2875@test,123,
U2876,nova2876,nova2876@test,123,
U2877,nova2877,nova2877@test,123,
U2878,nova2878,nova2878@test,123,
U2879,nova2879,nova2879@test,123,
U2880,nova2880,nova2880@test,123,
U2881,nova2881,nova2881@test,123,
U2882,nova2882,nova2882@test,123,
U2883,nova2883,nova2883@test,123,
U2884,nova2884,nova2884@test,123,
U2885,nova2885,nova2885@test,123,
U2886,nova2886,nova2886@test,123,
U2887,nova2887,nova2887@test,123,
U2888,nova2888,nova2888@test,123,
U2889,nova2889,nova2889@test,123,
U2890,nova2890,nova2890@test,123,
U2891,nova2891,nova2891@test,123,
U2892,nova2892,nova2892@test,123,
U2893,nova2893,nova2893@test,123,
U2894,nova2894,nova2894@test,123,
U2895,nova2895,nova2895@test,123,
U2896,nova2896,nova2896@test,123,
U2897,nova2897,nova2897@test,123,
U2898,nova2898,nova2898@test,123,
U2899,nova2899,nova2899@test,123,
U2900,nova2900,nova2900@test,123,
U2901,nova2901,nova2901@test,123,
U2902,nova2902,nova2902@test,123,
U2903,nova2903,nova2903@test,123,
U2904,nova2904,nova2904@test,123,
U2905,nova2905,nova2905@test,123,
U2906,nova2906,nova2906@test,123,
U2907,nova2907,nova2907@test,123,
U2908,nova2908,nova2908@test,123,
U2909,nova2909,nova2909@test,123,
U2910,nova2910,nova2910@test,123,
U2911,nova2911,nova2911@test,123,
U2912,nova2912,nova2912@test,123,
U2913,nova2913,nova2913@test,123,
U2914,nova2914,nova2914@test,123,
U2915,nova2915,nova2915@test,123,
U2916,nova2916,nova2916@test,123,
U2917,nova2917,nova2917@test,123,
U2918,nova2918,nova2918@test,123,
U2919,nova2919,nova2919@test,123,
U2920,nova2920,nova2920@test,123,
U2921,nova2921,nova2921@test,123,
U2922,nova2922,nova2922@test,123,
U2923,nova2923,nova2923@test,123,
U2924,nova2924,nova2924@test,123,
U2925,nova2925,nova2925@test,123,
U2926,nova2926,nova2926@test,123,
U2927,nova2927,nova2927@test,123,
U2928,nova2928,nova2928@test,123,
U2929,nova2929,nova2929@test,123,
U2930,nova2930,nova2930@test,123,
U2931,nova2931,nova2931@test,123,
U2932,nova2932,nova2932@test,123,
U2933,nova2933,nova2933@test,123,
U2934,nova2934,nova2934@test,123,
U2935,nova2935,nova2935@test,123,
U2936,nova2936,nova2936@test,123,
U2937,nova2937,nova2937@test,123,
U2938,nova2938,nova2938@test,123,
U2939,nova2939,nova2939@test,123,
U2940,nova2940,nova2940@test,123,
U2941,nova2941,nova2941@test,123,
U2942,nova2942,nova2942@test,123,
U2943,nova2943,nova2943@test,123,
U2944,nova2944,nova2944@test,123,
U2945,nova2945,nova2945@test,123,
U2946,nova2946,nova2946@test,123,
U2947,nova2947,nova2947@test,123,
U2948,nova2948,nova2948@test,123,
U2949,nova2949,nova2949@test,123,
U2950,nova2950,nova2950@test,123,
U2951,nova2951,nova2951@test,123,
U2952,nova2952,nova2952@test,123,
U2953,nova2953,nova2953@test,123,
U2954,nova2954,nova2954@test,123,
U2955,nova2955,nova2955@test,123,
U2956,nova2956,nova2956@test,123,
U2957,nova2957,nova2957@test,123,
U2958,nova2958,nova2958@test,123,
U2959,nova2959,nova2959@test,123,
U2960,nova2960,nova2960@test,123,
U2961,nova2961,nova2961@test,123,
U2962,nova2962,nova2962@test,123,
U2963,nova2963,nova2963@test,123,
U2964,nova2964,nova2964@test,123,
U2965,nova2965,nova2965@test,123,
U2966,nova2966,nova2966@test,123,
U2967,nova2967,nova2967@test,123,
U2968,nova2968,nova2968@test,123,
U2969,nova2969,nova2969@test,123,
U2970,nova2970,nova2970@test,123,
U2971,nova2971,nova2971@test,123,
U2972,nova2972,nova2972@test,123,
U2973,nova2973,nova2973@test,123,
U2974,nova2974,nova2974@test,123,
U2975,nova2975,nova2975@test,123,
U2976,nova2976,nova2976@test,123,
U2977,nova2977,nova2977@test,123,
U2978,nova2978,nova2978@test,123,
U2979,nova2979,nova2979@test,123,
U2980,nova2980,nova2980@test,123,
U2981,nova2981,nova2981@test,123,
U2982,nova2982,nova2982@test,123,
U2983,nova2983,nova2983@test,123,
U2984,nova2984,nova2984@test,123,
U2985,nova2985,nova2985@test,123,
U2986,nova2986,nova2986@test,123,
U2987,nova2987,nova2987@test,123,
U2988,nova2988,nova2988@test,123,
U2989,nova2989,nova2989@test,123,
U2990,nova2990,nova2990@test,123,
U2991,nova2991,nova2991@test,123,
U2992,nova2992,nova2992@test,123,
U2993,nova2993,nova2993@test,123,
U2994,nova2994,nova2994@test,123,
U2995,nova2995,nova2995@test,123,
U2996,nova2996,nova2996@test,123,
U2997,nova2997,nova2997@test,123,
U2998,nova2998,nova2998@test,123,
U2999,nova2999,nova2999@test,123,
U3000,nova3000,nova3000@test,123,
U3001,Somesh,somesh@test.com,123,123
